Sigla Mercato;Anno;Mese;Settimana;DataCompleta;Data Prezzo;Prezzo
FI;2011;1;1;01/01/2011;11 gennaio 2011;230,5
RM;2011;1;1;01/01/2011;11 gennaio 2011;263
GR;2011;1;1;01/01/2011;11 gennaio 2011;267,66
BO;2011;1;1;01/01/2011;11 gennaio 2011;276
VR;2011;1;1;01/01/2011;11 gennaio 2011;280,5
PD;2011;1;1;01/01/2011;11 gennaio 2011;280,5
TV;2011;1;1;01/01/2011;11 gennaio 2011;284
MI;2011;1;1;01/01/2011;11 gennaio 2011;288,5
TO;2011;1;1;01/01/2011;11 gennaio 2011;
AL;2011;1;1;01/01/2011;11 gennaio 2011;
UD;2011;1;1;01/01/2011;11 gennaio 2011;
PG;2011;1;1;01/01/2011;11 gennaio 2011;
NA;2011;1;1;01/01/2011;11 gennaio 2011;
FI;2011;1;2;02/01/2011;18 gennaio 2011;237,5
PG;2011;1;2;02/01/2011;18 gennaio 2011;255,6
AL;2011;1;2;02/01/2011;18 gennaio 2011;266
RM;2011;1;2;02/01/2011;18 gennaio 2011;273
UD;2011;1;2;02/01/2011;18 gennaio 2011;276
GR;2011;1;2;02/01/2011;18 gennaio 2011;277,66
VR;2011;1;2;02/01/2011;18 gennaio 2011;280,5
BO;2011;1;2;02/01/2011;18 gennaio 2011;282
TO;2011;1;2;02/01/2011;18 gennaio 2011;283
TV;2011;1;2;02/01/2011;18 gennaio 2011;285
PD;2011;1;2;02/01/2011;18 gennaio 2011;288,5
MI;2011;1;2;02/01/2011;18 gennaio 2011;289,5
NA;2011;1;2;02/01/2011;18 gennaio 2011;
FI;2011;1;3;03/01/2011;25 gennaio 2011;242,5
PG;2011;1;3;03/01/2011;25 gennaio 2011;262,1
AL;2011;1;3;03/01/2011;25 gennaio 2011;273
RM;2011;1;3;03/01/2011;25 gennaio 2011;275
UD;2011;1;3;03/01/2011;25 gennaio 2011;278
VR;2011;1;3;03/01/2011;25 gennaio 2011;285,5
BO;2011;1;3;03/01/2011;25 gennaio 2011;287
TO;2011;1;3;03/01/2011;25 gennaio 2011;287,5
GR;2011;1;3;03/01/2011;25 gennaio 2011;287,66
TV;2011;1;3;03/01/2011;25 gennaio 2011;290
MI;2011;1;3;03/01/2011;25 gennaio 2011;292,5
PD;2011;1;3;03/01/2011;25 gennaio 2011;293,5
NA;2011;1;3;03/01/2011;25 gennaio 2011;
FI;2011;1;4;04/01/2011;02 febbraio 2011;247,5
PG;2011;1;4;04/01/2011;02 febbraio 2011;266,6
AL;2011;1;4;04/01/2011;02 febbraio 2011;273
RM;2011;1;4;04/01/2011;02 febbraio 2011;278
UD;2011;1;4;04/01/2011;02 febbraio 2011;280
VR;2011;1;4;04/01/2011;02 febbraio 2011;288,5
TO;2011;1;4;04/01/2011;02 febbraio 2011;290
GR;2011;1;4;04/01/2011;02 febbraio 2011;292,66
TV;2011;1;4;04/01/2011;02 febbraio 2011;293
BO;2011;1;4;04/01/2011;02 febbraio 2011;293
PD;2011;1;4;04/01/2011;02 febbraio 2011;295,5
MI;2011;1;4;04/01/2011;02 febbraio 2011;296,5
NA;2011;1;4;04/01/2011;02 febbraio 2011;
FI;2011;2;1;01/02/2011;07 febbraio 2011;247,5
PG;2011;2;1;01/02/2011;07 febbraio 2011;269,6
AL;2011;2;1;01/02/2011;07 febbraio 2011;278
UD;2011;2;1;01/02/2011;07 febbraio 2011;280
RM;2011;2;1;01/02/2011;07 febbraio 2011;280
VR;2011;2;1;01/02/2011;07 febbraio 2011;291,5
TO;2011;2;1;01/02/2011;07 febbraio 2011;293
BO;2011;2;1;01/02/2011;07 febbraio 2011;293
TV;2011;2;1;01/02/2011;07 febbraio 2011;295,5
PD;2011;2;1;01/02/2011;07 febbraio 2011;297,5
MI;2011;2;1;01/02/2011;07 febbraio 2011;299,5
GR;2011;2;1;01/02/2011;07 febbraio 2011;302,66
NA;2011;2;1;01/02/2011;07 febbraio 2011;
FI;2011;2;2;02/02/2011;14 febbraio 2011;247,5
PG;2011;2;2;02/02/2011;14 febbraio 2011;269,6
UD;2011;2;2;02/02/2011;14 febbraio 2011;280
RM;2011;2;2;02/02/2011;14 febbraio 2011;280
AL;2011;2;2;02/02/2011;14 febbraio 2011;280
TO;2011;2;2;02/02/2011;14 febbraio 2011;293
BO;2011;2;2;02/02/2011;14 febbraio 2011;293
VR;2011;2;2;02/02/2011;14 febbraio 2011;293,5
TV;2011;2;2;02/02/2011;14 febbraio 2011;297,5
PD;2011;2;2;02/02/2011;14 febbraio 2011;297,5
MI;2011;2;2;02/02/2011;14 febbraio 2011;299,5
GR;2011;2;2;02/02/2011;14 febbraio 2011;302,66
NA;2011;2;2;02/02/2011;14 febbraio 2011;
FI;2011;2;3;03/02/2011;22 febbraio 2011;247,5
PG;2011;2;3;03/02/2011;22 febbraio 2011;269,6
UD;2011;2;3;03/02/2011;22 febbraio 2011;280
RM;2011;2;3;03/02/2011;22 febbraio 2011;280
AL;2011;2;3;03/02/2011;22 febbraio 2011;280
TO;2011;2;3;03/02/2011;22 febbraio 2011;291
BO;2011;2;3;03/02/2011;22 febbraio 2011;293
VR;2011;2;3;03/02/2011;22 febbraio 2011;296,5
TV;2011;2;3;03/02/2011;22 febbraio 2011;297,5
PD;2011;2;3;03/02/2011;22 febbraio 2011;297,5
MI;2011;2;3;03/02/2011;22 febbraio 2011;302,5
GR;2011;2;3;03/02/2011;22 febbraio 2011;302,66
NA;2011;2;3;03/02/2011;22 febbraio 2011;
FI;2011;2;4;04/02/2011;28 febbraio 2011;242,5
PG;2011;2;4;04/02/2011;28 febbraio 2011;269,6
UD;2011;2;4;04/02/2011;28 febbraio 2011;277
RM;2011;2;4;04/02/2011;28 febbraio 2011;280
AL;2011;2;4;04/02/2011;28 febbraio 2011;280
TO;2011;2;4;04/02/2011;28 febbraio 2011;283
BO;2011;2;4;04/02/2011;28 febbraio 2011;288
PD;2011;2;4;04/02/2011;28 febbraio 2011;291,5
TV;2011;2;4;04/02/2011;28 febbraio 2011;292,5
GR;2011;2;4;04/02/2011;28 febbraio 2011;292,66
VR;2011;2;4;04/02/2011;28 febbraio 2011;296,5
MI;2011;2;4;04/02/2011;28 febbraio 2011;300,5
NA;2011;2;4;04/02/2011;28 febbraio 2011;
FI;2011;3;1;01/03/2011;08 marzo 2011;237,5
PG;2011;3;1;01/03/2011;08 marzo 2011;264,6
UD;2011;3;1;01/03/2011;08 marzo 2011;271
RM;2011;3;1;01/03/2011;08 marzo 2011;275
AL;2011;3;1;01/03/2011;08 marzo 2011;276
TO;2011;3;1;01/03/2011;08 marzo 2011;281
BO;2011;3;1;01/03/2011;08 marzo 2011;283
PD;2011;3;1;01/03/2011;08 marzo 2011;284,5
TV;2011;3;1;01/03/2011;08 marzo 2011;290
VR;2011;3;1;01/03/2011;08 marzo 2011;290,5
GR;2011;3;1;01/03/2011;08 marzo 2011;292,66
MI;2011;3;1;01/03/2011;08 marzo 2011;295,5
NA;2011;3;1;01/03/2011;08 marzo 2011;
FI;2011;3;2;02/03/2011;15 marzo 2011;227,5
PG;2011;3;2;02/03/2011;15 marzo 2011;259,6
UD;2011;3;2;02/03/2011;15 marzo 2011;261
TO;2011;3;2;02/03/2011;15 marzo 2011;263
RM;2011;3;2;02/03/2011;15 marzo 2011;270
PD;2011;3;2;02/03/2011;15 marzo 2011;270,5
BO;2011;3;2;02/03/2011;15 marzo 2011;273
AL;2011;3;2;02/03/2011;15 marzo 2011;273
VR;2011;3;2;02/03/2011;15 marzo 2011;280,5
TV;2011;3;2;02/03/2011;15 marzo 2011;282,5
GR;2011;3;2;02/03/2011;15 marzo 2011;282,66
MI;2011;3;2;02/03/2011;15 marzo 2011;288,5
NA;2011;3;2;02/03/2011;15 marzo 2011;
FI;2011;3;3;03/03/2011;21 marzo 2011;217,5
PG;2011;3;3;03/03/2011;21 marzo 2011;244,6
TO;2011;3;3;03/03/2011;21 marzo 2011;248
UD;2011;3;3;03/03/2011;21 marzo 2011;251
RM;2011;3;3;03/03/2011;21 marzo 2011;255
TV;2011;3;3;03/03/2011;21 marzo 2011;257,5
VR;2011;3;3;03/03/2011;21 marzo 2011;262,5
AL;2011;3;3;03/03/2011;21 marzo 2011;263
PD;2011;3;3;03/03/2011;21 marzo 2011;265,5
MI;2011;3;3;03/03/2011;21 marzo 2011;268,5
GR;2011;3;3;03/03/2011;21 marzo 2011;277,66
BO;2011;3;3;03/03/2011;21 marzo 2011;
NA;2011;3;3;03/03/2011;21 marzo 2011;
FI;2011;3;4;04/03/2011;30 marzo 2011;215,5
PG;2011;3;4;04/03/2011;30 marzo 2011;239,6
AL;2011;3;4;04/03/2011;30 marzo 2011;243
UD;2011;3;4;04/03/2011;30 marzo 2011;251
TO;2011;3;4;04/03/2011;30 marzo 2011;253
RM;2011;3;4;04/03/2011;30 marzo 2011;255
PD;2011;3;4;04/03/2011;30 marzo 2011;263,5
VR;2011;3;4;04/03/2011;30 marzo 2011;266,5
TV;2011;3;4;04/03/2011;30 marzo 2011;267,5
GR;2011;3;4;04/03/2011;30 marzo 2011;267,66
BO;2011;3;4;04/03/2011;30 marzo 2011;268
MI;2011;3;4;04/03/2011;30 marzo 2011;268,5
NA;2011;3;4;04/03/2011;30 marzo 2011;
FI;2011;3;5;05/03/2011;04 aprile 2011;215,5
PG;2011;3;5;05/03/2011;04 aprile 2011;236,6
AL;2011;3;5;05/03/2011;04 aprile 2011;246
UD;2011;3;5;05/03/2011;04 aprile 2011;256
RM;2011;3;5;05/03/2011;04 aprile 2011;258
TO;2011;3;5;05/03/2011;04 aprile 2011;260
PD;2011;3;5;05/03/2011;04 aprile 2011;265,5
VR;2011;3;5;05/03/2011;04 aprile 2011;266,5
GR;2011;3;5;05/03/2011;04 aprile 2011;267,66
BO;2011;3;5;05/03/2011;04 aprile 2011;268
TV;2011;3;5;05/03/2011;04 aprile 2011;269,5
MI;2011;3;5;05/03/2011;04 aprile 2011;272,5
NA;2011;3;5;05/03/2011;04 aprile 2011;
FI;2011;4;1;01/04/2011;11 aprile 2011;222,5
PG;2011;4;1;01/04/2011;11 aprile 2011;238,6
AL;2011;4;1;01/04/2011;11 aprile 2011;250
UD;2011;4;1;01/04/2011;11 aprile 2011;266
RM;2011;4;1;01/04/2011;11 aprile 2011;266
TO;2011;4;1;01/04/2011;11 aprile 2011;267
VR;2011;4;1;01/04/2011;11 aprile 2011;269,5
PD;2011;4;1;01/04/2011;11 aprile 2011;271,5
TV;2011;4;1;01/04/2011;11 aprile 2011;273,5
BO;2011;4;1;01/04/2011;11 aprile 2011;275
MI;2011;4;1;01/04/2011;11 aprile 2011;279,5
NA;2011;4;1;01/04/2011;11 aprile 2011;
GR;2011;4;1;01/04/2011;11 aprile 2011;
FI;2011;4;2;02/04/2011;18 aprile 2011;222,5
PG;2011;4;2;02/04/2011;18 aprile 2011;246,6
AL;2011;4;2;02/04/2011;18 aprile 2011;260
TO;2011;4;2;02/04/2011;18 aprile 2011;265
UD;2011;4;2;02/04/2011;18 aprile 2011;266
RM;2011;4;2;02/04/2011;18 aprile 2011;266
VR;2011;4;2;02/04/2011;18 aprile 2011;271,5
PD;2011;4;2;02/04/2011;18 aprile 2011;271,5
TV;2011;4;2;02/04/2011;18 aprile 2011;274,5
BO;2011;4;2;02/04/2011;18 aprile 2011;275
MI;2011;4;2;02/04/2011;18 aprile 2011;279,5
NA;2011;4;2;02/04/2011;18 aprile 2011;
GR;2011;4;2;02/04/2011;18 aprile 2011;
FI;2011;4;3;03/04/2011;26 aprile 2011;222,5
PG;2011;4;3;03/04/2011;26 aprile 2011;246,6
AL;2011;4;3;03/04/2011;26 aprile 2011;260
UD;2011;4;3;03/04/2011;26 aprile 2011;266
RM;2011;4;3;03/04/2011;26 aprile 2011;266
TO;2011;4;3;03/04/2011;26 aprile 2011;269
VR;2011;4;3;03/04/2011;26 aprile 2011;271,5
PD;2011;4;3;03/04/2011;26 aprile 2011;273,5
TV;2011;4;3;03/04/2011;26 aprile 2011;275
BO;2011;4;3;03/04/2011;26 aprile 2011;275
MI;2011;4;3;03/04/2011;26 aprile 2011;279,5
NA;2011;4;3;03/04/2011;26 aprile 2011;
GR;2011;4;3;03/04/2011;26 aprile 2011;
FI;2011;4;4;04/04/2011;03 maggio 2011;222,5
PG;2011;4;4;04/04/2011;03 maggio 2011;246,6
UD;2011;4;4;04/04/2011;03 maggio 2011;266
TO;2011;4;4;04/04/2011;03 maggio 2011;269
RM;2011;4;4;04/04/2011;03 maggio 2011;269
PD;2011;4;4;04/04/2011;03 maggio 2011;273,5
BO;2011;4;4;04/04/2011;03 maggio 2011;275
MI;2011;4;4;04/04/2011;03 maggio 2011;283,5
VR;2011;4;4;04/04/2011;03 maggio 2011;
TV;2011;4;4;04/04/2011;03 maggio 2011;
NA;2011;4;4;04/04/2011;03 maggio 2011;
AL;2011;4;4;04/04/2011;03 maggio 2011;
GR;2011;4;4;04/04/2011;03 maggio 2011;
PG;2011;5;1;01/05/2011;12 maggio 2011;246,6
AL;2011;5;1;01/05/2011;12 maggio 2011;260
UD;2011;5;1;01/05/2011;12 maggio 2011;261
TO;2011;5;1;01/05/2011;12 maggio 2011;264
RM;2011;5;1;01/05/2011;12 maggio 2011;266
PD;2011;5;1;01/05/2011;12 maggio 2011;269,5
VR;2011;5;1;01/05/2011;12 maggio 2011;271,5
BO;2011;5;1;01/05/2011;12 maggio 2011;273
TV;2011;5;1;01/05/2011;12 maggio 2011;275
MI;2011;5;1;01/05/2011;12 maggio 2011;280,5
FI;2011;5;1;01/05/2011;12 maggio 2011;
NA;2011;5;1;01/05/2011;12 maggio 2011;
GR;2011;5;1;01/05/2011;12 maggio 2011;
FI;2011;5;2;02/05/2011;18 maggio 2011;220
PG;2011;5;2;02/05/2011;18 maggio 2011;247,1
AL;2011;5;2;02/05/2011;18 maggio 2011;257
UD;2011;5;2;02/05/2011;18 maggio 2011;261
TO;2011;5;2;02/05/2011;18 maggio 2011;264
RM;2011;5;2;02/05/2011;18 maggio 2011;266,5
PD;2011;5;2;02/05/2011;18 maggio 2011;268,5
VR;2011;5;2;02/05/2011;18 maggio 2011;269,5
BO;2011;5;2;02/05/2011;18 maggio 2011;273
TV;2011;5;2;02/05/2011;18 maggio 2011;275
MI;2011;5;2;02/05/2011;18 maggio 2011;
NA;2011;5;2;02/05/2011;18 maggio 2011;
GR;2011;5;2;02/05/2011;18 maggio 2011;
FI;2011;5;3;03/05/2011;25 maggio 2011;220,5
PG;2011;5;3;03/05/2011;25 maggio 2011;221,1
AL;2011;5;3;03/05/2011;25 maggio 2011;257
UD;2011;5;3;03/05/2011;25 maggio 2011;261
RM;2011;5;3;03/05/2011;25 maggio 2011;266,5
TO;2011;5;3;03/05/2011;25 maggio 2011;269
PD;2011;5;3;03/05/2011;25 maggio 2011;272,5
MI;2011;5;3;03/05/2011;25 maggio 2011;273
BO;2011;5;3;03/05/2011;25 maggio 2011;273
VR;2011;5;3;03/05/2011;25 maggio 2011;273,5
TV;2011;5;3;03/05/2011;25 maggio 2011;275
NA;2011;5;3;03/05/2011;25 maggio 2011;
GR;2011;5;3;03/05/2011;25 maggio 2011;
FI;2011;5;4;04/05/2011;31 maggio 2011;223,5
PG;2011;5;4;04/05/2011;31 maggio 2011;246,1
AL;2011;5;4;04/05/2011;31 maggio 2011;257
RM;2011;5;4;04/05/2011;31 maggio 2011;269,5
UD;2011;5;4;04/05/2011;31 maggio 2011;271
TO;2011;5;4;04/05/2011;31 maggio 2011;272
BO;2011;5;4;04/05/2011;31 maggio 2011;275
VR;2011;5;4;04/05/2011;31 maggio 2011;276,5
TV;2011;5;4;04/05/2011;31 maggio 2011;278,5
PD;2011;5;4;04/05/2011;31 maggio 2011;280,5
MI;2011;5;4;04/05/2011;31 maggio 2011;282,5
NA;2011;5;4;04/05/2011;31 maggio 2011;
GR;2011;5;4;04/05/2011;31 maggio 2011;
FI;2011;6;1;01/06/2011;06 giugno 2011;225,5
PG;2011;6;1;01/06/2011;06 giugno 2011;249,6
AL;2011;6;1;01/06/2011;06 giugno 2011;261
RM;2011;6;1;01/06/2011;06 giugno 2011;269
UD;2011;6;1;01/06/2011;06 giugno 2011;274
VR;2011;6;1;01/06/2011;06 giugno 2011;276,5
BO;2011;6;1;01/06/2011;06 giugno 2011;278
TV;2011;6;1;01/06/2011;06 giugno 2011;281,5
MI;2011;6;1;01/06/2011;06 giugno 2011;282,5
TO;2011;6;1;01/06/2011;06 giugno 2011;
PD;2011;6;1;01/06/2011;06 giugno 2011;
NA;2011;6;1;01/06/2011;06 giugno 2011;
GR;2011;6;1;01/06/2011;06 giugno 2011;
MI;2011;6;2;02/06/2011;14 giugno 2011;182,5
FI;2011;6;2;02/06/2011;14 giugno 2011;230
PG;2011;6;2;02/06/2011;14 giugno 2011;249,6
AL;2011;6;2;02/06/2011;14 giugno 2011;263
RM;2011;6;2;02/06/2011;14 giugno 2011;269
TO;2011;6;2;02/06/2011;14 giugno 2011;272
UD;2011;6;2;02/06/2011;14 giugno 2011;274
VR;2011;6;2;02/06/2011;14 giugno 2011;
TV;2011;6;2;02/06/2011;14 giugno 2011;
PD;2011;6;2;02/06/2011;14 giugno 2011;
NA;2011;6;2;02/06/2011;14 giugno 2011;
GR;2011;6;2;02/06/2011;14 giugno 2011;
BO;2011;6;2;02/06/2011;14 giugno 2011;
RM;2011;6;3;03/06/2011;21 giugno 2011;269
VR;2011;6;3;03/06/2011;21 giugno 2011;
UD;2011;6;3;03/06/2011;21 giugno 2011;
TV;2011;6;3;03/06/2011;21 giugno 2011;
TO;2011;6;3;03/06/2011;21 giugno 2011;
PG;2011;6;3;03/06/2011;21 giugno 2011;
PD;2011;6;3;03/06/2011;21 giugno 2011;
NA;2011;6;3;03/06/2011;21 giugno 2011;
MI;2011;6;3;03/06/2011;21 giugno 2011;
GR;2011;6;3;03/06/2011;21 giugno 2011;
FI;2011;6;3;03/06/2011;21 giugno 2011;
BO;2011;6;3;03/06/2011;21 giugno 2011;
AL;2011;6;3;03/06/2011;21 giugno 2011;
UD;2011;6;4;04/06/2011;28 giugno 2011;222,5
BO;2011;6;4;04/06/2011;28 giugno 2011;225,5
TV;2011;6;4;04/06/2011;28 giugno 2011;229
VR;2011;6;4;04/06/2011;28 giugno 2011;
TO;2011;6;4;04/06/2011;28 giugno 2011;
RM;2011;6;4;04/06/2011;28 giugno 2011;
PG;2011;6;4;04/06/2011;28 giugno 2011;
PD;2011;6;4;04/06/2011;28 giugno 2011;
NA;2011;6;4;04/06/2011;28 giugno 2011;
MI;2011;6;4;04/06/2011;28 giugno 2011;
GR;2011;6;4;04/06/2011;28 giugno 2011;
FI;2011;6;4;04/06/2011;28 giugno 2011;
AL;2011;6;4;04/06/2011;28 giugno 2011;
PD;2011;6;5;05/06/2011;05 luglio 2011;215
TO;2011;6;5;05/06/2011;05 luglio 2011;217,5
TV;2011;6;5;05/06/2011;05 luglio 2011;219
VR;2011;6;5;05/06/2011;05 luglio 2011;220
UD;2011;6;5;05/06/2011;05 luglio 2011;222,5
BO;2011;6;5;05/06/2011;05 luglio 2011;225,5
MI;2011;6;5;05/06/2011;05 luglio 2011;227,5
FI;2011;6;5;05/06/2011;05 luglio 2011;
RM;2011;6;5;05/06/2011;05 luglio 2011;
PG;2011;6;5;05/06/2011;05 luglio 2011;
NA;2011;6;5;05/06/2011;05 luglio 2011;
GR;2011;6;5;05/06/2011;05 luglio 2011;
AL;2011;6;5;05/06/2011;05 luglio 2011;
PG;2011;7;1;01/07/2011;12 luglio 2011;204,6
AL;2011;7;1;01/07/2011;12 luglio 2011;207,5
TO;2011;7;1;01/07/2011;12 luglio 2011;217,5
PD;2011;7;1;01/07/2011;12 luglio 2011;220,5
TV;2011;7;1;01/07/2011;12 luglio 2011;221
UD;2011;7;1;01/07/2011;12 luglio 2011;222,5
RM;2011;7;1;01/07/2011;12 luglio 2011;225
BO;2011;7;1;01/07/2011;12 luglio 2011;225,5
NA;2011;7;1;01/07/2011;12 luglio 2011;226,5
MI;2011;7;1;01/07/2011;12 luglio 2011;227,5
GR;2011;7;1;01/07/2011;12 luglio 2011;267,66
FI;2011;7;1;01/07/2011;12 luglio 2011;
VR;2011;7;1;01/07/2011;12 luglio 2011;
FI;2011;7;2;02/07/2011;19 luglio 2011;182,5
PG;2011;7;2;02/07/2011;19 luglio 2011;203,6
AL;2011;7;2;02/07/2011;19 luglio 2011;207,5
VR;2011;7;2;02/07/2011;19 luglio 2011;216
TO;2011;7;2;02/07/2011;19 luglio 2011;217,5
PD;2011;7;2;02/07/2011;19 luglio 2011;220,5
TV;2011;7;2;02/07/2011;19 luglio 2011;221
UD;2011;7;2;02/07/2011;19 luglio 2011;222,5
RM;2011;7;2;02/07/2011;19 luglio 2011;222,5
BO;2011;7;2;02/07/2011;19 luglio 2011;225,5
MI;2011;7;2;02/07/2011;19 luglio 2011;227,5
GR;2011;7;2;02/07/2011;19 luglio 2011;232,66
NA;2011;7;2;02/07/2011;19 luglio 2011;
FI;2011;7;3;03/07/2011;26 luglio 2011;182,5
PG;2011;7;3;03/07/2011;26 luglio 2011;203,6
AL;2011;7;3;03/07/2011;26 luglio 2011;207
VR;2011;7;3;03/07/2011;26 luglio 2011;208
PD;2011;7;3;03/07/2011;26 luglio 2011;220
TV;2011;7;3;03/07/2011;26 luglio 2011;221
UD;2011;7;3;03/07/2011;26 luglio 2011;222,5
TO;2011;7;3;03/07/2011;26 luglio 2011;222,5
RM;2011;7;3;03/07/2011;26 luglio 2011;225
BO;2011;7;3;03/07/2011;26 luglio 2011;225,5
MI;2011;7;3;03/07/2011;26 luglio 2011;227,5
GR;2011;7;3;03/07/2011;26 luglio 2011;232,66
NA;2011;7;3;03/07/2011;26 luglio 2011;
PG;2011;7;4;04/07/2011;01 agosto 2011;204,1
AL;2011;7;4;04/07/2011;01 agosto 2011;207,5
VR;2011;7;4;04/07/2011;01 agosto 2011;211
PD;2011;7;4;04/07/2011;01 agosto 2011;220,5
TV;2011;7;4;04/07/2011;01 agosto 2011;221
UD;2011;7;4;04/07/2011;01 agosto 2011;222,5
BO;2011;7;4;04/07/2011;01 agosto 2011;225,5
RM;2011;7;4;04/07/2011;01 agosto 2011;227
MI;2011;7;4;04/07/2011;01 agosto 2011;229,5
GR;2011;7;4;04/07/2011;01 agosto 2011;232,66
TO;2011;7;4;04/07/2011;01 agosto 2011;
FI;2011;7;4;04/07/2011;01 agosto 2011;
NA;2011;7;4;04/07/2011;01 agosto 2011;
FI;2011;8;4;04/08/2011;31 agosto 2011;182,5
PG;2011;8;4;04/08/2011;31 agosto 2011;204,1
AL;2011;8;4;04/08/2011;31 agosto 2011;210,5
VR;2011;8;4;04/08/2011;31 agosto 2011;213
PD;2011;8;4;04/08/2011;31 agosto 2011;220,5
TV;2011;8;4;04/08/2011;31 agosto 2011;221
UD;2011;8;4;04/08/2011;31 agosto 2011;222,5
BO;2011;8;4;04/08/2011;31 agosto 2011;225,5
TO;2011;8;4;04/08/2011;31 agosto 2011;227,5
GR;2011;8;4;04/08/2011;31 agosto 2011;227,66
MI;2011;8;4;04/08/2011;31 agosto 2011;232,5
RM;2011;8;4;04/08/2011;31 agosto 2011;
NA;2011;8;4;04/08/2011;31 agosto 2011;
FI;2011;9;1;01/09/2011;06 settembre 2011;184,5
PG;2011;9;1;01/09/2011;06 settembre 2011;204,1
AL;2011;9;1;01/09/2011;06 settembre 2011;210,5
VR;2011;9;1;01/09/2011;06 settembre 2011;215
TV;2011;9;1;01/09/2011;06 settembre 2011;221
UD;2011;9;1;01/09/2011;06 settembre 2011;222,5
PD;2011;9;1;01/09/2011;06 settembre 2011;222,5
BO;2011;9;1;01/09/2011;06 settembre 2011;227,5
GR;2011;9;1;01/09/2011;06 settembre 2011;227,66
RM;2011;9;1;01/09/2011;06 settembre 2011;230
TO;2011;9;1;01/09/2011;06 settembre 2011;230,5
MI;2011;9;1;01/09/2011;06 settembre 2011;233,5
NA;2011;9;1;01/09/2011;06 settembre 2011;
FI;2011;9;2;02/09/2011;14 settembre 2011;185,5
AL;2011;9;2;02/09/2011;14 settembre 2011;211,5
VR;2011;9;2;02/09/2011;14 settembre 2011;215
UD;2011;9;2;02/09/2011;14 settembre 2011;220,5
TV;2011;9;2;02/09/2011;14 settembre 2011;223,5
BO;2011;9;2;02/09/2011;14 settembre 2011;227,5
GR;2011;9;2;02/09/2011;14 settembre 2011;227,66
RM;2011;9;2;02/09/2011;14 settembre 2011;233
MI;2011;9;2;02/09/2011;14 settembre 2011;234
PG;2011;9;2;02/09/2011;14 settembre 2011;274,6
TO;2011;9;2;02/09/2011;14 settembre 2011;
PD;2011;9;2;02/09/2011;14 settembre 2011;
NA;2011;9;2;02/09/2011;14 settembre 2011;
FI;2011;9;3;03/09/2011;20 settembre 2011;183,5
PG;2011;9;3;03/09/2011;20 settembre 2011;206,6
AL;2011;9;3;03/09/2011;20 settembre 2011;211,5
VR;2011;9;3;03/09/2011;20 settembre 2011;215
UD;2011;9;3;03/09/2011;20 settembre 2011;220,5
PD;2011;9;3;03/09/2011;20 settembre 2011;221
TV;2011;9;3;03/09/2011;20 settembre 2011;223,5
BO;2011;9;3;03/09/2011;20 settembre 2011;224,5
GR;2011;9;3;03/09/2011;20 settembre 2011;227,66
MI;2011;9;3;03/09/2011;20 settembre 2011;233,5
RM;2011;9;3;03/09/2011;20 settembre 2011;235
TO;2011;9;3;03/09/2011;20 settembre 2011;
NA;2011;9;3;03/09/2011;20 settembre 2011;
FI;2011;9;4;04/09/2011;28 settembre 2011;181,5
PG;2011;9;4;04/09/2011;28 settembre 2011;204,6
AL;2011;9;4;04/09/2011;28 settembre 2011;211
VR;2011;9;4;04/09/2011;28 settembre 2011;213
PD;2011;9;4;04/09/2011;28 settembre 2011;217
UD;2011;9;4;04/09/2011;28 settembre 2011;217,5
TV;2011;9;4;04/09/2011;28 settembre 2011;221,5
BO;2011;9;4;04/09/2011;28 settembre 2011;222,5
GR;2011;9;4;04/09/2011;28 settembre 2011;222,66
MI;2011;9;4;04/09/2011;28 settembre 2011;231,5
RM;2011;9;4;04/09/2011;28 settembre 2011;233
TO;2011;9;4;04/09/2011;28 settembre 2011;
NA;2011;9;4;04/09/2011;28 settembre 2011;
FI;2011;9;5;05/09/2011;03 ottobre 2011;179,5
PG;2011;9;5;05/09/2011;03 ottobre 2011;202,6
VR;2011;9;5;05/09/2011;03 ottobre 2011;209
AL;2011;9;5;05/09/2011;03 ottobre 2011;209
PD;2011;9;5;05/09/2011;03 ottobre 2011;214
UD;2011;9;5;05/09/2011;03 ottobre 2011;214,5
TO;2011;9;5;05/09/2011;03 ottobre 2011;218,5
BO;2011;9;5;05/09/2011;03 ottobre 2011;218,5
TV;2011;9;5;05/09/2011;03 ottobre 2011;219
GR;2011;9;5;05/09/2011;03 ottobre 2011;222,66
MI;2011;9;5;05/09/2011;03 ottobre 2011;229,5
RM;2011;9;5;05/09/2011;03 ottobre 2011;231
NA;2011;9;5;05/09/2011;03 ottobre 2011;
FI;2011;10;1;01/10/2011;11 ottobre 2011;175,5
VR;2011;10;1;01/10/2011;11 ottobre 2011;202
AL;2011;10;1;01/10/2011;11 ottobre 2011;206
PD;2011;10;1;01/10/2011;11 ottobre 2011;209
UD;2011;10;1;01/10/2011;11 ottobre 2011;209,5
BO;2011;10;1;01/10/2011;11 ottobre 2011;213,5
TV;2011;10;1;01/10/2011;11 ottobre 2011;214
RM;2011;10;1;01/10/2011;11 ottobre 2011;222
GR;2011;10;1;01/10/2011;11 ottobre 2011;222,66
MI;2011;10;1;01/10/2011;11 ottobre 2011;224,5
PG;2011;10;1;01/10/2011;11 ottobre 2011;275,1
TO;2011;10;1;01/10/2011;11 ottobre 2011;
NA;2011;10;1;01/10/2011;11 ottobre 2011;
FI;2011;10;2;02/10/2011;19 ottobre 2011;170,5
PG;2011;10;2;02/10/2011;19 ottobre 2011;189,6
AL;2011;10;2;02/10/2011;19 ottobre 2011;202
PD;2011;10;2;02/10/2011;19 ottobre 2011;205
UD;2011;10;2;02/10/2011;19 ottobre 2011;205,5
BO;2011;10;2;02/10/2011;19 ottobre 2011;208,5
VR;2011;10;2;02/10/2011;19 ottobre 2011;209
TV;2011;10;2;02/10/2011;19 ottobre 2011;209
GR;2011;10;2;02/10/2011;19 ottobre 2011;212,66
MI;2011;10;2;02/10/2011;19 ottobre 2011;220,5
RM;2011;10;2;02/10/2011;19 ottobre 2011;223
NA;2011;10;2;02/10/2011;19 ottobre 2011;
FI;2011;10;3;03/10/2011;26 ottobre 2011;170,5
PG;2011;10;3;03/10/2011;26 ottobre 2011;184,6
VR;2011;10;3;03/10/2011;26 ottobre 2011;195,5
AL;2011;10;3;03/10/2011;26 ottobre 2011;198
PD;2011;10;3;03/10/2011;26 ottobre 2011;205
UD;2011;10;3;03/10/2011;26 ottobre 2011;205,5
TV;2011;10;3;03/10/2011;26 ottobre 2011;206
BO;2011;10;3;03/10/2011;26 ottobre 2011;208,5
TO;2011;10;3;03/10/2011;26 ottobre 2011;212,5
GR;2011;10;3;03/10/2011;26 ottobre 2011;212,66
MI;2011;10;3;03/10/2011;26 ottobre 2011;218,5
RM;2011;10;3;03/10/2011;26 ottobre 2011;223
NA;2011;10;3;03/10/2011;26 ottobre 2011;
FI;2011;10;4;04/10/2011;02 novembre 2011;170,5
PG;2011;10;4;04/10/2011;02 novembre 2011;184,5
VR;2011;10;4;04/10/2011;02 novembre 2011;197,5
AL;2011;10;4;04/10/2011;02 novembre 2011;198
UD;2011;10;4;04/10/2011;02 novembre 2011;205,5
TV;2011;10;4;04/10/2011;02 novembre 2011;206
PD;2011;10;4;04/10/2011;02 novembre 2011;207
BO;2011;10;4;04/10/2011;02 novembre 2011;209,5
GR;2011;10;4;04/10/2011;02 novembre 2011;212,66
MI;2011;10;4;04/10/2011;02 novembre 2011;218,5
RM;2011;10;4;04/10/2011;02 novembre 2011;223
TO;2011;10;4;04/10/2011;02 novembre 2011;
NA;2011;10;4;04/10/2011;02 novembre 2011;
FI;2011;11;1;01/11/2011;07 novembre 2011;170,5
VR;2011;11;1;01/11/2011;07 novembre 2011;197,5
AL;2011;11;1;01/11/2011;07 novembre 2011;198
UD;2011;11;1;01/11/2011;07 novembre 2011;205,5
TV;2011;11;1;01/11/2011;07 novembre 2011;206
PD;2011;11;1;01/11/2011;07 novembre 2011;208
BO;2011;11;1;01/11/2011;07 novembre 2011;208,5
GR;2011;11;1;01/11/2011;07 novembre 2011;212,66
TO;2011;11;1;01/11/2011;07 novembre 2011;215
MI;2011;11;1;01/11/2011;07 novembre 2011;218,5
RM;2011;11;1;01/11/2011;07 novembre 2011;220
PG;2011;11;1;01/11/2011;07 novembre 2011;
NA;2011;11;1;01/11/2011;07 novembre 2011;
FI;2011;11;2;02/11/2011;15 novembre 2011;170,5
PG;2011;11;2;02/11/2011;15 novembre 2011;184,6
AL;2011;11;2;02/11/2011;15 novembre 2011;198
VR;2011;11;2;02/11/2011;15 novembre 2011;198,5
UD;2011;11;2;02/11/2011;15 novembre 2011;202,5
TV;2011;11;2;02/11/2011;15 novembre 2011;206
PD;2011;11;2;02/11/2011;15 novembre 2011;206
BO;2011;11;2;02/11/2011;15 novembre 2011;208,5
GR;2011;11;2;02/11/2011;15 novembre 2011;212,66
TO;2011;11;2;02/11/2011;15 novembre 2011;215
MI;2011;11;2;02/11/2011;15 novembre 2011;218,5
RM;2011;11;2;02/11/2011;15 novembre 2011;220
NA;2011;11;2;02/11/2011;15 novembre 2011;
FI;2011;11;3;03/11/2011;21 novembre 2011;170,5
PG;2011;11;3;03/11/2011;21 novembre 2011;184,6
AL;2011;11;3;03/11/2011;21 novembre 2011;198
VR;2011;11;3;03/11/2011;21 novembre 2011;198,5
UD;2011;11;3;03/11/2011;21 novembre 2011;202,5
PD;2011;11;3;03/11/2011;21 novembre 2011;204
TV;2011;11;3;03/11/2011;21 novembre 2011;206
BO;2011;11;3;03/11/2011;21 novembre 2011;208,5
TO;2011;11;3;03/11/2011;21 novembre 2011;211
GR;2011;11;3;03/11/2011;21 novembre 2011;212,66
MI;2011;11;3;03/11/2011;21 novembre 2011;218,5
RM;2011;11;3;03/11/2011;21 novembre 2011;220
NA;2011;11;3;03/11/2011;21 novembre 2011;
FI;2011;11;4;04/11/2011;29 novembre 2011;167,5
PG;2011;11;4;04/11/2011;29 novembre 2011;182,6
AL;2011;11;4;04/11/2011;29 novembre 2011;195
VR;2011;11;4;04/11/2011;29 novembre 2011;196,5
UD;2011;11;4;04/11/2011;29 novembre 2011;200,5
PD;2011;11;4;04/11/2011;29 novembre 2011;202
TV;2011;11;4;04/11/2011;29 novembre 2011;204
BO;2011;11;4;04/11/2011;29 novembre 2011;205,5
TO;2011;11;4;04/11/2011;29 novembre 2011;206
GR;2011;11;4;04/11/2011;29 novembre 2011;212,66
MI;2011;11;4;04/11/2011;29 novembre 2011;215,5
RM;2011;11;4;04/11/2011;29 novembre 2011;217
NA;2011;11;4;04/11/2011;29 novembre 2011;
FI;2011;12;1;01/12/2011;05 dicembre 2011;167,5
PG;2011;12;1;01/12/2011;05 dicembre 2011;180,6
AL;2011;12;1;01/12/2011;05 dicembre 2011;189
VR;2011;12;1;01/12/2011;05 dicembre 2011;196,5
UD;2011;12;1;01/12/2011;05 dicembre 2011;200,5
PD;2011;12;1;01/12/2011;05 dicembre 2011;202
TV;2011;12;1;01/12/2011;05 dicembre 2011;204
BO;2011;12;1;01/12/2011;05 dicembre 2011;205,5
TO;2011;12;1;01/12/2011;05 dicembre 2011;206
GR;2011;12;1;01/12/2011;05 dicembre 2011;212,66
MI;2011;12;1;01/12/2011;05 dicembre 2011;215,5
RM;2011;12;1;01/12/2011;05 dicembre 2011;217
NA;2011;12;1;01/12/2011;05 dicembre 2011;
FI;2011;12;2;02/12/2011;12 dicembre 2011;166,5
PG;2011;12;2;02/12/2011;12 dicembre 2011;180,6
AL;2011;12;2;02/12/2011;12 dicembre 2011;189
VR;2011;12;2;02/12/2011;12 dicembre 2011;196,5
UD;2011;12;2;02/12/2011;12 dicembre 2011;200,5
TV;2011;12;2;02/12/2011;12 dicembre 2011;201
PD;2011;12;2;02/12/2011;12 dicembre 2011;202
BO;2011;12;2;02/12/2011;12 dicembre 2011;204,5
GR;2011;12;2;02/12/2011;12 dicembre 2011;212,66
MI;2011;12;2;02/12/2011;12 dicembre 2011;215,5
RM;2011;12;2;02/12/2011;12 dicembre 2011;217
TO;2011;12;2;02/12/2011;12 dicembre 2011;
NA;2011;12;2;02/12/2011;12 dicembre 2011;
FI;2011;12;3;03/12/2011;19 dicembre 2011;165,5
PG;2011;12;3;03/12/2011;19 dicembre 2011;178,6
AL;2011;12;3;03/12/2011;19 dicembre 2011;189
VR;2011;12;3;03/12/2011;19 dicembre 2011;196,5
UD;2011;12;3;03/12/2011;19 dicembre 2011;199,5
TV;2011;12;3;03/12/2011;19 dicembre 2011;201
PD;2011;12;3;03/12/2011;19 dicembre 2011;203
BO;2011;12;3;03/12/2011;19 dicembre 2011;204,5
TO;2011;12;3;03/12/2011;19 dicembre 2011;206
GR;2011;12;3;03/12/2011;19 dicembre 2011;207,66
MI;2011;12;3;03/12/2011;19 dicembre 2011;213,5
RM;2011;12;3;03/12/2011;19 dicembre 2011;215
NA;2011;12;3;03/12/2011;19 dicembre 2011;
FI;2011;12;4;04/12/2011;28 dicembre 2011;167,5
PG;2011;12;4;04/12/2011;28 dicembre 2011;178,5
AL;2011;12;4;04/12/2011;28 dicembre 2011;186
VR;2011;12;4;04/12/2011;28 dicembre 2011;197,5
UD;2011;12;4;04/12/2011;28 dicembre 2011;199,5
TV;2011;12;4;04/12/2011;28 dicembre 2011;204
BO;2011;12;4;04/12/2011;28 dicembre 2011;207,5
PD;2011;12;4;04/12/2011;28 dicembre 2011;208,5
MI;2011;12;4;04/12/2011;28 dicembre 2011;215,5
RM;2011;12;4;04/12/2011;28 dicembre 2011;217
TO;2011;12;4;04/12/2011;28 dicembre 2011;224
GR;2011;12;4;04/12/2011;28 dicembre 2011;
NA;2011;12;4;04/12/2011;28 dicembre 2011;
FI;2011;12;5;05/12/2011;04 gennaio 2012;166
PG;2011;12;5;05/12/2011;04 gennaio 2012;180,6
UD;2011;12;5;05/12/2011;04 gennaio 2012;199,5
TV;2011;12;5;05/12/2011;04 gennaio 2012;206
BO;2011;12;5;05/12/2011;04 gennaio 2012;207,5
PD;2011;12;5;05/12/2011;04 gennaio 2012;208,5
MI;2011;12;5;05/12/2011;04 gennaio 2012;215,5
VR;2011;12;5;05/12/2011;04 gennaio 2012;
TO;2011;12;5;05/12/2011;04 gennaio 2012;
RM;2011;12;5;05/12/2011;04 gennaio 2012;
GR;2011;12;5;05/12/2011;04 gennaio 2012;
AL;2011;12;5;05/12/2011;04 gennaio 2012;
NA;2011;12;5;05/12/2011;04 gennaio 2012;
BO;2012;1;1;01/01/2012;11 gennaio 2012;213,5
TO;2012;1;1;01/01/2012;11 gennaio 2012;219
RM;2012;1;1;01/01/2012;11 gennaio 2012;221
MI;2012;1;1;01/01/2012;11 gennaio 2012;221,5
VR;2012;1;1;01/01/2012;11 gennaio 2012;
UD;2012;1;1;01/01/2012;11 gennaio 2012;
TV;2012;1;1;01/01/2012;11 gennaio 2012;
PG;2012;1;1;01/01/2012;11 gennaio 2012;
PD;2012;1;1;01/01/2012;11 gennaio 2012;
GR;2012;1;1;01/01/2012;11 gennaio 2012;
FI;2012;1;1;01/01/2012;11 gennaio 2012;
AL;2012;1;1;01/01/2012;11 gennaio 2012;
NA;2012;1;1;01/01/2012;11 gennaio 2012;
FI;2012;1;2;02/01/2012;17 gennaio 2012;171,5
PG;2012;1;2;02/01/2012;17 gennaio 2012;186,6
AL;2012;1;2;02/01/2012;17 gennaio 2012;192
UD;2012;1;2;02/01/2012;17 gennaio 2012;202,5
VR;2012;1;2;02/01/2012;17 gennaio 2012;209,5
TV;2012;1;2;02/01/2012;17 gennaio 2012;212,5
PD;2012;1;2;02/01/2012;17 gennaio 2012;215,5
BO;2012;1;2;02/01/2012;17 gennaio 2012;215,5
GR;2012;1;2;02/01/2012;17 gennaio 2012;217,66
TO;2012;1;2;02/01/2012;17 gennaio 2012;219
RM;2012;1;2;02/01/2012;17 gennaio 2012;224
MI;2012;1;2;02/01/2012;17 gennaio 2012;227
NA;2012;1;2;02/01/2012;17 gennaio 2012;
FI;2012;1;3;03/01/2012;24 gennaio 2012;171,5
PG;2012;1;3;03/01/2012;24 gennaio 2012;188,6
AL;2012;1;3;03/01/2012;24 gennaio 2012;194
VR;2012;1;3;03/01/2012;24 gennaio 2012;212,5
UD;2012;1;3;03/01/2012;24 gennaio 2012;212,5
TV;2012;1;3;03/01/2012;24 gennaio 2012;212,5
PD;2012;1;3;03/01/2012;24 gennaio 2012;215,5
BO;2012;1;3;03/01/2012;24 gennaio 2012;215,5
GR;2012;1;3;03/01/2012;24 gennaio 2012;217,66
TO;2012;1;3;03/01/2012;24 gennaio 2012;222
RM;2012;1;3;03/01/2012;24 gennaio 2012;224
MI;2012;1;3;03/01/2012;24 gennaio 2012;227
NA;2012;1;3;03/01/2012;24 gennaio 2012;
FI;2012;1;4;04/01/2012;30 gennaio 2012;171,5
PG;2012;1;4;04/01/2012;30 gennaio 2012;188,6
AL;2012;1;4;04/01/2012;30 gennaio 2012;194
UD;2012;1;4;04/01/2012;30 gennaio 2012;212,5
TV;2012;1;4;04/01/2012;30 gennaio 2012;212,5
BO;2012;1;4;04/01/2012;30 gennaio 2012;215,5
PD;2012;1;4;04/01/2012;30 gennaio 2012;217,5
GR;2012;1;4;04/01/2012;30 gennaio 2012;217,66
RM;2012;1;4;04/01/2012;30 gennaio 2012;224
TO;2012;1;4;04/01/2012;30 gennaio 2012;226
MI;2012;1;4;04/01/2012;30 gennaio 2012;227
VR;2012;1;4;04/01/2012;30 gennaio 2012;
NA;2012;1;4;04/01/2012;30 gennaio 2012;
FI;2012;2;1;01/02/2012;07 febbraio 2012;171,5
PG;2012;2;1;01/02/2012;07 febbraio 2012;191,6
AL;2012;2;1;01/02/2012;07 febbraio 2012;195
TV;2012;2;1;01/02/2012;07 febbraio 2012;212,5
UD;2012;2;1;01/02/2012;07 febbraio 2012;214,5
PD;2012;2;1;01/02/2012;07 febbraio 2012;222,5
BO;2012;2;1;01/02/2012;07 febbraio 2012;222,5
GR;2012;2;1;01/02/2012;07 febbraio 2012;222,66
RM;2012;2;1;01/02/2012;07 febbraio 2012;227
MI;2012;2;1;01/02/2012;07 febbraio 2012;230
TO;2012;2;1;01/02/2012;07 febbraio 2012;234
VR;2012;2;1;01/02/2012;07 febbraio 2012;
NA;2012;2;1;01/02/2012;07 febbraio 2012;
FI;2012;2;2;02/02/2012;21 febbraio 2012;179,5
PG;2012;2;2;02/02/2012;21 febbraio 2012;199,6
AL;2012;2;2;02/02/2012;21 febbraio 2012;203
PD;2012;2;2;02/02/2012;21 febbraio 2012;203,5
UD;2012;2;2;02/02/2012;21 febbraio 2012;217,5
TV;2012;2;2;02/02/2012;21 febbraio 2012;221,5
RM;2012;2;2;02/02/2012;21 febbraio 2012;227
BO;2012;2;2;02/02/2012;21 febbraio 2012;227,5
GR;2012;2;2;02/02/2012;21 febbraio 2012;227,66
TO;2012;2;2;02/02/2012;21 febbraio 2012;237
MI;2012;2;2;02/02/2012;21 febbraio 2012;237
VR;2012;2;2;02/02/2012;21 febbraio 2012;
NA;2012;2;2;02/02/2012;21 febbraio 2012;
FI;2012;2;3;03/02/2012;21 febbraio 2012;177,5
PG;2012;2;3;03/02/2012;21 febbraio 2012;202,6
AL;2012;2;3;03/02/2012;21 febbraio 2012;210
UD;2012;2;3;03/02/2012;21 febbraio 2012;215,5
TV;2012;2;3;03/02/2012;21 febbraio 2012;221
PD;2012;2;3;03/02/2012;21 febbraio 2012;221,5
BO;2012;2;3;03/02/2012;21 febbraio 2012;225,5
RM;2012;2;3;03/02/2012;21 febbraio 2012;230
TO;2012;2;3;03/02/2012;21 febbraio 2012;231
MI;2012;2;3;03/02/2012;21 febbraio 2012;234
GR;2012;2;3;03/02/2012;21 febbraio 2012;
VR;2012;2;3;03/02/2012;21 febbraio 2012;
NA;2012;2;3;03/02/2012;21 febbraio 2012;
FI;2012;2;4;04/02/2012;28 febbraio 2012;174,5
PG;2012;2;4;04/02/2012;28 febbraio 2012;199,6
AL;2012;2;4;04/02/2012;28 febbraio 2012;207
UD;2012;2;4;04/02/2012;28 febbraio 2012;212,5
TV;2012;2;4;04/02/2012;28 febbraio 2012;219
PD;2012;2;4;04/02/2012;28 febbraio 2012;220,5
BO;2012;2;4;04/02/2012;28 febbraio 2012;222,5
GR;2012;2;4;04/02/2012;28 febbraio 2012;222,66
TO;2012;2;4;04/02/2012;28 febbraio 2012;228
RM;2012;2;4;04/02/2012;28 febbraio 2012;228
MI;2012;2;4;04/02/2012;28 febbraio 2012;231
VR;2012;2;4;04/02/2012;28 febbraio 2012;
NA;2012;2;4;04/02/2012;28 febbraio 2012;
FI;2012;3;1;01/03/2012;06 marzo 2012;172,5
PG;2012;3;1;01/03/2012;06 marzo 2012;194,6
AL;2012;3;1;01/03/2012;06 marzo 2012;204
UD;2012;3;1;01/03/2012;06 marzo 2012;209,5
TV;2012;3;1;01/03/2012;06 marzo 2012;216,5
PD;2012;3;1;01/03/2012;06 marzo 2012;217,5
GR;2012;3;1;01/03/2012;06 marzo 2012;217,66
BO;2012;3;1;01/03/2012;06 marzo 2012;220,5
RM;2012;3;1;01/03/2012;06 marzo 2012;223
MI;2012;3;1;01/03/2012;06 marzo 2012;228
TO;2012;3;1;01/03/2012;06 marzo 2012;231
VR;2012;3;1;01/03/2012;06 marzo 2012;
NA;2012;3;1;01/03/2012;06 marzo 2012;
FI;2012;3;2;02/03/2012;13 marzo 2012;172,5
PG;2012;3;2;02/03/2012;13 marzo 2012;191,6
AL;2012;3;2;02/03/2012;13 marzo 2012;202
UD;2012;3;2;02/03/2012;13 marzo 2012;209,5
TV;2012;3;2;02/03/2012;13 marzo 2012;216,5
PD;2012;3;2;02/03/2012;13 marzo 2012;217
RM;2012;3;2;02/03/2012;13 marzo 2012;220
BO;2012;3;2;02/03/2012;13 marzo 2012;220,5
TO;2012;3;2;02/03/2012;13 marzo 2012;227
MI;2012;3;2;02/03/2012;13 marzo 2012;228
GR;2012;3;2;02/03/2012;13 marzo 2012;
VR;2012;3;2;02/03/2012;13 marzo 2012;
NA;2012;3;2;02/03/2012;13 marzo 2012;
FI;2012;3;3;03/03/2012;21 marzo 2012;174,5
PG;2012;3;3;03/03/2012;21 marzo 2012;191,6
AL;2012;3;3;03/03/2012;21 marzo 2012;202
UD;2012;3;3;03/03/2012;21 marzo 2012;209,5
TV;2012;3;3;03/03/2012;21 marzo 2012;216,5
PD;2012;3;3;03/03/2012;21 marzo 2012;220
RM;2012;3;3;03/03/2012;21 marzo 2012;222
BO;2012;3;3;03/03/2012;21 marzo 2012;222,5
GR;2012;3;3;03/03/2012;21 marzo 2012;222,66
TO;2012;3;3;03/03/2012;21 marzo 2012;229
MI;2012;3;3;03/03/2012;21 marzo 2012;230
VR;2012;3;3;03/03/2012;21 marzo 2012;
NA;2012;3;3;03/03/2012;21 marzo 2012;
FI;2012;3;4;04/03/2012;27 marzo 2012;176,5
PG;2012;3;4;04/03/2012;27 marzo 2012;192,6
AL;2012;3;4;04/03/2012;27 marzo 2012;205
UD;2012;3;4;04/03/2012;27 marzo 2012;212,5
TV;2012;3;4;04/03/2012;27 marzo 2012;221,5
RM;2012;3;4;04/03/2012;27 marzo 2012;222
PD;2012;3;4;04/03/2012;27 marzo 2012;223
BO;2012;3;4;04/03/2012;27 marzo 2012;224,5
GR;2012;3;4;04/03/2012;27 marzo 2012;227,66
TO;2012;3;4;04/03/2012;27 marzo 2012;230
MI;2012;3;4;04/03/2012;27 marzo 2012;230
VR;2012;3;4;04/03/2012;27 marzo 2012;
NA;2012;3;4;04/03/2012;27 marzo 2012;
FI;2012;3;5;05/03/2012;02 aprile 2012;179,5
PG;2012;3;5;05/03/2012;02 aprile 2012;194,6
AL;2012;3;5;05/03/2012;02 aprile 2012;205
UD;2012;3;5;05/03/2012;02 aprile 2012;217,5
RM;2012;3;5;05/03/2012;02 aprile 2012;225
PD;2012;3;5;05/03/2012;02 aprile 2012;226
TV;2012;3;5;05/03/2012;02 aprile 2012;226,5
BO;2012;3;5;05/03/2012;02 aprile 2012;227,5
GR;2012;3;5;05/03/2012;02 aprile 2012;230,66
TO;2012;3;5;05/03/2012;02 aprile 2012;234
MI;2012;3;5;05/03/2012;02 aprile 2012;234
VR;2012;3;5;05/03/2012;02 aprile 2012;
NA;2012;3;5;05/03/2012;02 aprile 2012;
FI;2012;4;1;01/04/2012;11 aprile 2012;179,5
PG;2012;4;1;01/04/2012;11 aprile 2012;199,6
AL;2012;4;1;01/04/2012;11 aprile 2012;209
UD;2012;4;1;01/04/2012;11 aprile 2012;223,5
PD;2012;4;1;01/04/2012;11 aprile 2012;226,5
BO;2012;4;1;01/04/2012;11 aprile 2012;227,5
RM;2012;4;1;01/04/2012;11 aprile 2012;228
TV;2012;4;1;01/04/2012;11 aprile 2012;228,5
GR;2012;4;1;01/04/2012;11 aprile 2012;230,66
TO;2012;4;1;01/04/2012;11 aprile 2012;234
MI;2012;4;1;01/04/2012;11 aprile 2012;237
VR;2012;4;1;01/04/2012;11 aprile 2012;
NA;2012;4;1;01/04/2012;11 aprile 2012;
FI;2012;4;2;02/04/2012;17 aprile 2012;179,5
PG;2012;4;2;02/04/2012;17 aprile 2012;199,6
UD;2012;4;2;02/04/2012;17 aprile 2012;222,5
PD;2012;4;2;02/04/2012;17 aprile 2012;226
BO;2012;4;2;02/04/2012;17 aprile 2012;227,5
RM;2012;4;2;02/04/2012;17 aprile 2012;228
TV;2012;4;2;02/04/2012;17 aprile 2012;228,5
GR;2012;4;2;02/04/2012;17 aprile 2012;230,66
TO;2012;4;2;02/04/2012;17 aprile 2012;234
MI;2012;4;2;02/04/2012;17 aprile 2012;237
VR;2012;4;2;02/04/2012;17 aprile 2012;
NA;2012;4;2;02/04/2012;17 aprile 2012;
AL;2012;4;2;02/04/2012;17 aprile 2012;
FI;2012;4;3;03/04/2012;24 aprile 2012;179,5
PG;2012;4;3;03/04/2012;24 aprile 2012;199,6
AL;2012;4;3;03/04/2012;24 aprile 2012;209
UD;2012;4;3;03/04/2012;24 aprile 2012;222,5
TV;2012;4;3;03/04/2012;24 aprile 2012;226,5
BO;2012;4;3;03/04/2012;24 aprile 2012;227,5
RM;2012;4;3;03/04/2012;24 aprile 2012;228
PD;2012;4;3;03/04/2012;24 aprile 2012;228,5
GR;2012;4;3;03/04/2012;24 aprile 2012;230,66
TO;2012;4;3;03/04/2012;24 aprile 2012;235
MI;2012;4;3;03/04/2012;24 aprile 2012;237
VR;2012;4;3;03/04/2012;24 aprile 2012;
NA;2012;4;3;03/04/2012;24 aprile 2012;
FI;2012;5;1;01/05/2012;15 maggio 2012;182,5
AL;2012;5;1;01/05/2012;15 maggio 2012;211
GR;2012;5;1;01/05/2012;15 maggio 2012;230,66
RM;2012;5;1;01/05/2012;15 maggio 2012;231
UD;2012;5;1;01/05/2012;15 maggio 2012;232,5
BO;2012;5;1;01/05/2012;15 maggio 2012;232,5
TV;2012;5;1;01/05/2012;15 maggio 2012;236
PD;2012;5;1;01/05/2012;15 maggio 2012;236
MI;2012;5;1;01/05/2012;15 maggio 2012;240
TO;2012;5;1;01/05/2012;15 maggio 2012;243
PG;2012;5;1;01/05/2012;15 maggio 2012;
NA;2012;5;1;01/05/2012;15 maggio 2012;
VR;2012;5;1;01/05/2012;15 maggio 2012;
FI;2012;5;2;02/05/2012;15 maggio 2012;182,5
PG;2012;5;2;02/05/2012;15 maggio 2012;204,6
AL;2012;5;2;02/05/2012;15 maggio 2012;215
GR;2012;5;2;02/05/2012;15 maggio 2012;230,66
RM;2012;5;2;02/05/2012;15 maggio 2012;231
PD;2012;5;2;02/05/2012;15 maggio 2012;231
UD;2012;5;2;02/05/2012;15 maggio 2012;232,5
BO;2012;5;2;02/05/2012;15 maggio 2012;232,5
TV;2012;5;2;02/05/2012;15 maggio 2012;236
TO;2012;5;2;02/05/2012;15 maggio 2012;239
MI;2012;5;2;02/05/2012;15 maggio 2012;240
VR;2012;5;2;02/05/2012;15 maggio 2012;
NA;2012;5;2;02/05/2012;15 maggio 2012;
FI;2012;5;3;03/05/2012;23 maggio 2012;180,5
PG;2012;5;3;03/05/2012;23 maggio 2012;204,6
AL;2012;5;3;03/05/2012;23 maggio 2012;217
PD;2012;5;3;03/05/2012;23 maggio 2012;226
GR;2012;5;3;03/05/2012;23 maggio 2012;227,66
UD;2012;5;3;03/05/2012;23 maggio 2012;230,5
BO;2012;5;3;03/05/2012;23 maggio 2012;230,5
TV;2012;5;3;03/05/2012;23 maggio 2012;231
RM;2012;5;3;03/05/2012;23 maggio 2012;231
TO;2012;5;3;03/05/2012;23 maggio 2012;239
MI;2012;5;3;03/05/2012;23 maggio 2012;240
VR;2012;5;3;03/05/2012;23 maggio 2012;
NA;2012;5;3;03/05/2012;23 maggio 2012;
FI;2012;5;4;04/05/2012;29 maggio 2012;180,5
PG;2012;5;4;04/05/2012;29 maggio 2012;204,6
AL;2012;5;4;04/05/2012;29 maggio 2012;217
PD;2012;5;4;04/05/2012;29 maggio 2012;227,5
GR;2012;5;4;04/05/2012;29 maggio 2012;227,66
TV;2012;5;4;04/05/2012;29 maggio 2012;229
RM;2012;5;4;04/05/2012;29 maggio 2012;230
BO;2012;5;4;04/05/2012;29 maggio 2012;230,5
TO;2012;5;4;04/05/2012;29 maggio 2012;239
MI;2012;5;4;04/05/2012;29 maggio 2012;241
VR;2012;5;4;04/05/2012;29 maggio 2012;
NA;2012;5;4;04/05/2012;29 maggio 2012;
UD;2012;5;4;04/05/2012;29 maggio 2012;
FI;2012;5;5;05/05/2012;05 giugno 2012;180,5
PG;2012;5;5;05/05/2012;05 giugno 2012;204,6
AL;2012;5;5;05/05/2012;05 giugno 2012;219
PD;2012;5;5;05/05/2012;05 giugno 2012;227,5
TV;2012;5;5;05/05/2012;05 giugno 2012;229
RM;2012;5;5;05/05/2012;05 giugno 2012;230
BO;2012;5;5;05/05/2012;05 giugno 2012;230,5
GR;2012;5;5;05/05/2012;05 giugno 2012;232,66
TO;2012;5;5;05/05/2012;05 giugno 2012;239
MI;2012;5;5;05/05/2012;05 giugno 2012;241
VR;2012;5;5;05/05/2012;05 giugno 2012;
UD;2012;5;5;05/05/2012;05 giugno 2012;
NA;2012;5;5;05/05/2012;05 giugno 2012;
FI;2012;6;1;01/06/2012;13 giugno 2012;178,5
TV;2012;6;1;01/06/2012;13 giugno 2012;226
RM;2012;6;1;01/06/2012;13 giugno 2012;228
BO;2012;6;1;01/06/2012;13 giugno 2012;228,5
TO;2012;6;1;01/06/2012;13 giugno 2012;234
MI;2012;6;1;01/06/2012;13 giugno 2012;241
PG;2012;6;1;01/06/2012;13 giugno 2012;244,6
VR;2012;6;1;01/06/2012;13 giugno 2012;
UD;2012;6;1;01/06/2012;13 giugno 2012;
PD;2012;6;1;01/06/2012;13 giugno 2012;
NA;2012;6;1;01/06/2012;13 giugno 2012;
GR;2012;6;1;01/06/2012;13 giugno 2012;
AL;2012;6;1;01/06/2012;13 giugno 2012;
PG;2012;6;2;02/06/2012;20 giugno 2012;202,6
TO;2012;6;2;02/06/2012;20 giugno 2012;234
MI;2012;6;2;02/06/2012;20 giugno 2012;241
VR;2012;6;2;02/06/2012;20 giugno 2012;
UD;2012;6;2;02/06/2012;20 giugno 2012;
TV;2012;6;2;02/06/2012;20 giugno 2012;
RM;2012;6;2;02/06/2012;20 giugno 2012;
PD;2012;6;2;02/06/2012;20 giugno 2012;
NA;2012;6;2;02/06/2012;20 giugno 2012;
GR;2012;6;2;02/06/2012;20 giugno 2012;
FI;2012;6;2;02/06/2012;20 giugno 2012;
BO;2012;6;2;02/06/2012;20 giugno 2012;
AL;2012;6;2;02/06/2012;20 giugno 2012;
NA;2012;6;3;03/06/2012;27 giugno 2012;
VR;2012;6;3;03/06/2012;27 giugno 2012;
UD;2012;6;3;03/06/2012;27 giugno 2012;
TO;2012;6;3;03/06/2012;27 giugno 2012;
TV;2012;6;3;03/06/2012;27 giugno 2012;
RM;2012;6;3;03/06/2012;27 giugno 2012;
PG;2012;6;3;03/06/2012;27 giugno 2012;
PD;2012;6;3;03/06/2012;27 giugno 2012;
MI;2012;6;3;03/06/2012;27 giugno 2012;
GR;2012;6;3;03/06/2012;27 giugno 2012;
FI;2012;6;3;03/06/2012;27 giugno 2012;
BO;2012;6;3;03/06/2012;27 giugno 2012;
AL;2012;6;3;03/06/2012;27 giugno 2012;
FI;2012;6;4;04/06/2012;04 luglio 2012;188
UD;2012;6;4;04/06/2012;04 luglio 2012;211
PD;2012;6;4;04/06/2012;04 luglio 2012;215
GR;2012;6;4;04/06/2012;04 luglio 2012;217,66
BO;2012;6;4;04/06/2012;04 luglio 2012;221,5
NA;2012;6;4;04/06/2012;04 luglio 2012;
VR;2012;6;4;04/06/2012;04 luglio 2012;
TO;2012;6;4;04/06/2012;04 luglio 2012;
TV;2012;6;4;04/06/2012;04 luglio 2012;
RM;2012;6;4;04/06/2012;04 luglio 2012;
PG;2012;6;4;04/06/2012;04 luglio 2012;
MI;2012;6;4;04/06/2012;04 luglio 2012;
AL;2012;6;4;04/06/2012;04 luglio 2012;
FI;2012;7;1;01/07/2012;09 luglio 2012;194
RM;2012;7;1;01/07/2012;09 luglio 2012;215
VR;2012;7;1;01/07/2012;09 luglio 2012;219
UD;2012;7;1;01/07/2012;09 luglio 2012;221
TV;2012;7;1;01/07/2012;09 luglio 2012;221
GR;2012;7;1;01/07/2012;09 luglio 2012;222,66
TO;2012;7;1;01/07/2012;09 luglio 2012;227,5
MI;2012;7;1;01/07/2012;09 luglio 2012;229
BO;2012;7;1;01/07/2012;09 luglio 2012;229,5
PD;2012;7;1;01/07/2012;09 luglio 2012;231
PG;2012;7;1;01/07/2012;09 luglio 2012;
NA;2012;7;1;01/07/2012;09 luglio 2012;
AL;2012;7;1;01/07/2012;09 luglio 2012;
FI;2012;7;2;02/07/2012;17 luglio 2012;200
AL;2012;7;2;02/07/2012;17 luglio 2012;215,5
RM;2012;7;2;02/07/2012;17 luglio 2012;225
TV;2012;7;2;02/07/2012;17 luglio 2012;226
VR;2012;7;2;02/07/2012;17 luglio 2012;234
UD;2012;7;2;02/07/2012;17 luglio 2012;234
GR;2012;7;2;02/07/2012;17 luglio 2012;237,66
TO;2012;7;2;02/07/2012;17 luglio 2012;239,5
PD;2012;7;2;02/07/2012;17 luglio 2012;241
BO;2012;7;2;02/07/2012;17 luglio 2012;241,5
MI;2012;7;2;02/07/2012;17 luglio 2012;243
PG;2012;7;2;02/07/2012;17 luglio 2012;
NA;2012;7;2;02/07/2012;17 luglio 2012;
FI;2012;7;3;03/07/2012;25 luglio 2012;210
AL;2012;7;3;03/07/2012;25 luglio 2012;225,5
RM;2012;7;3;03/07/2012;25 luglio 2012;235
TV;2012;7;3;03/07/2012;25 luglio 2012;239
UD;2012;7;3;03/07/2012;25 luglio 2012;244
GR;2012;7;3;03/07/2012;25 luglio 2012;247,66
TO;2012;7;3;03/07/2012;25 luglio 2012;248,5
VR;2012;7;3;03/07/2012;25 luglio 2012;249
BO;2012;7;3;03/07/2012;25 luglio 2012;252,5
PD;2012;7;3;03/07/2012;25 luglio 2012;254
MI;2012;7;3;03/07/2012;25 luglio 2012;256
PG;2012;7;3;03/07/2012;25 luglio 2012;
NA;2012;7;3;03/07/2012;25 luglio 2012;
FI;2012;7;4;04/07/2012;31 luglio 2012;212
AL;2012;7;4;04/07/2012;31 luglio 2012;235,5
TV;2012;7;4;04/07/2012;31 luglio 2012;239
RM;2012;7;4;04/07/2012;31 luglio 2012;239
UD;2012;7;4;04/07/2012;31 luglio 2012;247
VR;2012;7;4;04/07/2012;31 luglio 2012;251
TO;2012;7;4;04/07/2012;31 luglio 2012;253,5
PD;2012;7;4;04/07/2012;31 luglio 2012;254
BO;2012;7;4;04/07/2012;31 luglio 2012;254,5
GR;2012;7;4;04/07/2012;31 luglio 2012;257,66
MI;2012;7;4;04/07/2012;31 luglio 2012;260,5
PG;2012;7;4;04/07/2012;31 luglio 2012;
NA;2012;7;4;04/07/2012;31 luglio 2012;
FI;2012;8;1;01/08/2012;07 agosto 2012;215
AL;2012;8;1;01/08/2012;07 agosto 2012;238,5
TV;2012;8;1;01/08/2012;07 agosto 2012;244
RM;2012;8;1;01/08/2012;07 agosto 2012;244
UD;2012;8;1;01/08/2012;07 agosto 2012;251
TO;2012;8;1;01/08/2012;07 agosto 2012;253,5
VR;2012;8;1;01/08/2012;07 agosto 2012;256
PD;2012;8;1;01/08/2012;07 agosto 2012;258
BO;2012;8;1;01/08/2012;07 agosto 2012;258,5
MI;2012;8;1;01/08/2012;07 agosto 2012;262,5
GR;2012;8;1;01/08/2012;07 agosto 2012;262,66
PG;2012;8;1;01/08/2012;07 agosto 2012;
NA;2012;8;1;01/08/2012;07 agosto 2012;
FI;2012;8;4;04/08/2012;29 agosto 2012;225
TV;2012;8;4;04/08/2012;29 agosto 2012;254
UD;2012;8;4;04/08/2012;29 agosto 2012;261
TO;2012;8;4;04/08/2012;29 agosto 2012;268,5
BO;2012;8;4;04/08/2012;29 agosto 2012;268,5
MI;2012;8;4;04/08/2012;29 agosto 2012;272,5
GR;2012;8;4;04/08/2012;29 agosto 2012;272,66
RM;2012;8;4;04/08/2012;29 agosto 2012;
PD;2012;8;4;04/08/2012;29 agosto 2012;
NA;2012;8;4;04/08/2012;29 agosto 2012;
AL;2012;8;4;04/08/2012;29 agosto 2012;
VR;2012;8;4;04/08/2012;29 agosto 2012;
PG;2012;8;4;04/08/2012;29 agosto 2012;
FI;2012;8;5;05/08/2012;04 settembre 2012;225
AL;2012;8;5;05/08/2012;04 settembre 2012;250,5
RM;2012;8;5;05/08/2012;04 settembre 2012;254
UD;2012;8;5;05/08/2012;04 settembre 2012;261
TV;2012;8;5;05/08/2012;04 settembre 2012;261
PD;2012;8;5;05/08/2012;04 settembre 2012;268
TO;2012;8;5;05/08/2012;04 settembre 2012;268,5
BO;2012;8;5;05/08/2012;04 settembre 2012;268,5
MI;2012;8;5;05/08/2012;04 settembre 2012;272,5
GR;2012;8;5;05/08/2012;04 settembre 2012;282,66
VR;2012;8;5;05/08/2012;04 settembre 2012;
PG;2012;8;5;05/08/2012;04 settembre 2012;
NA;2012;8;5;05/08/2012;04 settembre 2012;
FI;2012;9;1;01/09/2012;12 settembre 2012;225
AL;2012;9;1;01/09/2012;12 settembre 2012;250,5
RM;2012;9;1;01/09/2012;12 settembre 2012;254
TV;2012;9;1;01/09/2012;12 settembre 2012;261
TO;2012;9;1;01/09/2012;12 settembre 2012;265,5
BO;2012;9;1;01/09/2012;12 settembre 2012;268,5
MI;2012;9;1;01/09/2012;12 settembre 2012;272,5
GR;2012;9;1;01/09/2012;12 settembre 2012;282,66
UD;2012;9;1;01/09/2012;12 settembre 2012;
PD;2012;9;1;01/09/2012;12 settembre 2012;
VR;2012;9;1;01/09/2012;12 settembre 2012;
PG;2012;9;1;01/09/2012;12 settembre 2012;
NA;2012;9;1;01/09/2012;12 settembre 2012;
FI;2012;9;2;02/09/2012;17 settembre 2012;225
AL;2012;9;2;02/09/2012;17 settembre 2012;250,5
RM;2012;9;2;02/09/2012;17 settembre 2012;254
UD;2012;9;2;02/09/2012;17 settembre 2012;259
TV;2012;9;2;02/09/2012;17 settembre 2012;259
PD;2012;9;2;02/09/2012;17 settembre 2012;264,5
TO;2012;9;2;02/09/2012;17 settembre 2012;268,5
BO;2012;9;2;02/09/2012;17 settembre 2012;268,5
MI;2012;9;2;02/09/2012;17 settembre 2012;272,5
GR;2012;9;2;02/09/2012;17 settembre 2012;282,66
VR;2012;9;2;02/09/2012;17 settembre 2012;
PG;2012;9;2;02/09/2012;17 settembre 2012;
NA;2012;9;2;02/09/2012;17 settembre 2012;
FI;2012;9;3;03/09/2012;25 settembre 2012;225
AL;2012;9;3;03/09/2012;25 settembre 2012;250,5
RM;2012;9;3;03/09/2012;25 settembre 2012;251
UD;2012;9;3;03/09/2012;25 settembre 2012;257
TV;2012;9;3;03/09/2012;25 settembre 2012;259
PD;2012;9;3;03/09/2012;25 settembre 2012;261,5
TO;2012;9;3;03/09/2012;25 settembre 2012;266,5
BO;2012;9;3;03/09/2012;25 settembre 2012;268,5
MI;2012;9;3;03/09/2012;25 settembre 2012;272,5
GR;2012;9;3;03/09/2012;25 settembre 2012;272,66
VR;2012;9;3;03/09/2012;25 settembre 2012;
PG;2012;9;3;03/09/2012;25 settembre 2012;
NA;2012;9;3;03/09/2012;25 settembre 2012;
FI;2012;9;4;04/09/2012;03 ottobre 2012;223
AL;2012;9;4;04/09/2012;03 ottobre 2012;250,5
RM;2012;9;4;04/09/2012;03 ottobre 2012;251
UD;2012;9;4;04/09/2012;03 ottobre 2012;257
TV;2012;9;4;04/09/2012;03 ottobre 2012;257
PD;2012;9;4;04/09/2012;03 ottobre 2012;261,5
TO;2012;9;4;04/09/2012;03 ottobre 2012;266,5
BO;2012;9;4;04/09/2012;03 ottobre 2012;266,5
GR;2012;9;4;04/09/2012;03 ottobre 2012;267,66
MI;2012;9;4;04/09/2012;03 ottobre 2012;272,5
NA;2012;9;4;04/09/2012;03 ottobre 2012;
VR;2012;9;4;04/09/2012;03 ottobre 2012;
PG;2012;9;4;04/09/2012;03 ottobre 2012;
FI;2012;10;1;01/10/2012;08 ottobre 2012;223
AL;2012;10;1;01/10/2012;08 ottobre 2012;250,5
RM;2012;10;1;01/10/2012;08 ottobre 2012;251
UD;2012;10;1;01/10/2012;08 ottobre 2012;257
TV;2012;10;1;01/10/2012;08 ottobre 2012;257
PD;2012;10;1;01/10/2012;08 ottobre 2012;261,5
GR;2012;10;1;01/10/2012;08 ottobre 2012;265,66
TO;2012;10;1;01/10/2012;08 ottobre 2012;266,5
BO;2012;10;1;01/10/2012;08 ottobre 2012;266,5
MI;2012;10;1;01/10/2012;08 ottobre 2012;272,5
VR;2012;10;1;01/10/2012;08 ottobre 2012;
PG;2012;10;1;01/10/2012;08 ottobre 2012;
NA;2012;10;1;01/10/2012;08 ottobre 2012;
FI;2012;10;2;02/10/2012;16 ottobre 2012;223
AL;2012;10;2;02/10/2012;16 ottobre 2012;250,5
RM;2012;10;2;02/10/2012;16 ottobre 2012;251
UD;2012;10;2;02/10/2012;16 ottobre 2012;257
TV;2012;10;2;02/10/2012;16 ottobre 2012;257
PD;2012;10;2;02/10/2012;16 ottobre 2012;261,5
GR;2012;10;2;02/10/2012;16 ottobre 2012;265,66
BO;2012;10;2;02/10/2012;16 ottobre 2012;266,5
TO;2012;10;2;02/10/2012;16 ottobre 2012;268,5
MI;2012;10;2;02/10/2012;16 ottobre 2012;272,5
VR;2012;10;2;02/10/2012;16 ottobre 2012;
PG;2012;10;2;02/10/2012;16 ottobre 2012;
NA;2012;10;2;02/10/2012;16 ottobre 2012;
FI;2012;10;3;03/10/2012;23 ottobre 2012;223
AL;2012;10;3;03/10/2012;23 ottobre 2012;250,5
RM;2012;10;3;03/10/2012;23 ottobre 2012;251
UD;2012;10;3;03/10/2012;23 ottobre 2012;257
TV;2012;10;3;03/10/2012;23 ottobre 2012;257
PD;2012;10;3;03/10/2012;23 ottobre 2012;261,5
GR;2012;10;3;03/10/2012;23 ottobre 2012;265,66
BO;2012;10;3;03/10/2012;23 ottobre 2012;266,5
TO;2012;10;3;03/10/2012;23 ottobre 2012;268,5
MI;2012;10;3;03/10/2012;23 ottobre 2012;272,5
VR;2012;10;3;03/10/2012;23 ottobre 2012;
PG;2012;10;3;03/10/2012;23 ottobre 2012;
NA;2012;10;3;03/10/2012;23 ottobre 2012;
FI;2012;10;4;04/10/2012;29 ottobre 2012;223
AL;2012;10;4;04/10/2012;29 ottobre 2012;250,5
RM;2012;10;4;04/10/2012;29 ottobre 2012;251
TV;2012;10;4;04/10/2012;29 ottobre 2012;257
UD;2012;10;4;04/10/2012;29 ottobre 2012;258
PD;2012;10;4;04/10/2012;29 ottobre 2012;265
GR;2012;10;4;04/10/2012;29 ottobre 2012;265,66
BO;2012;10;4;04/10/2012;29 ottobre 2012;266,5
TO;2012;10;4;04/10/2012;29 ottobre 2012;270,5
MI;2012;10;4;04/10/2012;29 ottobre 2012;272,5
VR;2012;10;4;04/10/2012;29 ottobre 2012;
PG;2012;10;4;04/10/2012;29 ottobre 2012;
NA;2012;10;4;04/10/2012;29 ottobre 2012;
FI;2012;11;1;01/11/2012;05 novembre 2012;223
AL;2012;11;1;01/11/2012;05 novembre 2012;250,5
RM;2012;11;1;01/11/2012;05 novembre 2012;252
UD;2012;11;1;01/11/2012;05 novembre 2012;259
TV;2012;11;1;01/11/2012;05 novembre 2012;260
GR;2012;11;1;01/11/2012;05 novembre 2012;265,66
BO;2012;11;1;01/11/2012;05 novembre 2012;266,5
PD;2012;11;1;01/11/2012;05 novembre 2012;267
MI;2012;11;1;01/11/2012;05 novembre 2012;274,5
TO;2012;11;1;01/11/2012;05 novembre 2012;
VR;2012;11;1;01/11/2012;05 novembre 2012;
PG;2012;11;1;01/11/2012;05 novembre 2012;
NA;2012;11;1;01/11/2012;05 novembre 2012;
FI;2012;11;2;02/11/2012;13 novembre 2012;227
AL;2012;11;2;02/11/2012;13 novembre 2012;251
TV;2012;11;2;02/11/2012;13 novembre 2012;262
UD;2012;11;2;02/11/2012;13 novembre 2012;264
PD;2012;11;2;02/11/2012;13 novembre 2012;271
BO;2012;11;2;02/11/2012;13 novembre 2012;271,5
TO;2012;11;2;02/11/2012;13 novembre 2012;276,5
MI;2012;11;2;02/11/2012;13 novembre 2012;278,5
RM;2012;11;2;02/11/2012;13 novembre 2012;
NA;2012;11;2;02/11/2012;13 novembre 2012;
GR;2012;11;2;02/11/2012;13 novembre 2012;
VR;2012;11;2;02/11/2012;13 novembre 2012;
PG;2012;11;2;02/11/2012;13 novembre 2012;
FI;2012;11;3;03/11/2012;20 novembre 2012;230
AL;2012;11;3;03/11/2012;20 novembre 2012;256
RM;2012;11;3;03/11/2012;20 novembre 2012;258
UD;2012;11;3;03/11/2012;20 novembre 2012;267
TV;2012;11;3;03/11/2012;20 novembre 2012;267
GR;2012;11;3;03/11/2012;20 novembre 2012;272,66
PD;2012;11;3;03/11/2012;20 novembre 2012;273
BO;2012;11;3;03/11/2012;20 novembre 2012;274,5
TO;2012;11;3;03/11/2012;20 novembre 2012;278,5
MI;2012;11;3;03/11/2012;20 novembre 2012;281,5
VR;2012;11;3;03/11/2012;20 novembre 2012;
PG;2012;11;3;03/11/2012;20 novembre 2012;
NA;2012;11;3;03/11/2012;20 novembre 2012;
FI;2012;11;4;04/11/2012;26 novembre 2012;230
AL;2012;11;4;04/11/2012;26 novembre 2012;259
RM;2012;11;4;04/11/2012;26 novembre 2012;261
UD;2012;11;4;04/11/2012;26 novembre 2012;269
TV;2012;11;4;04/11/2012;26 novembre 2012;269
GR;2012;11;4;04/11/2012;26 novembre 2012;272,66
BO;2012;11;4;04/11/2012;26 novembre 2012;274,5
PD;2012;11;4;04/11/2012;26 novembre 2012;275
TO;2012;11;4;04/11/2012;26 novembre 2012;278,5
MI;2012;11;4;04/11/2012;26 novembre 2012;284,5
NA;2012;11;4;04/11/2012;26 novembre 2012;
VR;2012;11;4;04/11/2012;26 novembre 2012;
PG;2012;11;4;04/11/2012;26 novembre 2012;
FI;2012;11;5;05/11/2012;04 dicembre 2012;234
AL;2012;11;5;05/11/2012;04 dicembre 2012;262
RM;2012;11;5;05/11/2012;04 dicembre 2012;263
TV;2012;11;5;05/11/2012;04 dicembre 2012;271
UD;2012;11;5;05/11/2012;04 dicembre 2012;274
GR;2012;11;5;05/11/2012;04 dicembre 2012;277,66
PD;2012;11;5;05/11/2012;04 dicembre 2012;278
BO;2012;11;5;05/11/2012;04 dicembre 2012;278,5
TO;2012;11;5;05/11/2012;04 dicembre 2012;283,5
MI;2012;11;5;05/11/2012;04 dicembre 2012;287,5
NA;2012;11;5;05/11/2012;04 dicembre 2012;
VR;2012;11;5;05/11/2012;04 dicembre 2012;
PG;2012;11;5;05/11/2012;04 dicembre 2012;
FI;2012;12;1;01/12/2012;11 dicembre 2012;234
RM;2012;12;1;01/12/2012;11 dicembre 2012;263
AL;2012;12;1;01/12/2012;11 dicembre 2012;264,5
UD;2012;12;1;01/12/2012;11 dicembre 2012;274
TV;2012;12;1;01/12/2012;11 dicembre 2012;276
GR;2012;12;1;01/12/2012;11 dicembre 2012;277,66
PD;2012;12;1;01/12/2012;11 dicembre 2012;278
BO;2012;12;1;01/12/2012;11 dicembre 2012;278,5
TO;2012;12;1;01/12/2012;11 dicembre 2012;283,5
MI;2012;12;1;01/12/2012;11 dicembre 2012;287,5
VR;2012;12;1;01/12/2012;11 dicembre 2012;
PG;2012;12;1;01/12/2012;11 dicembre 2012;
NA;2012;12;1;01/12/2012;11 dicembre 2012;
FI;2012;12;2;02/12/2012;18 dicembre 2012;234
AL;2012;12;2;02/12/2012;18 dicembre 2012;264,5
TV;2012;12;2;02/12/2012;18 dicembre 2012;274
PD;2012;12;2;02/12/2012;18 dicembre 2012;277,5
GR;2012;12;2;02/12/2012;18 dicembre 2012;277,66
BO;2012;12;2;02/12/2012;18 dicembre 2012;278,5
UD;2012;12;2;02/12/2012;18 dicembre 2012;279
TO;2012;12;2;02/12/2012;18 dicembre 2012;283,5
MI;2012;12;2;02/12/2012;18 dicembre 2012;287,5
RM;2012;12;2;02/12/2012;18 dicembre 2012;
VR;2012;12;2;02/12/2012;18 dicembre 2012;
PG;2012;12;2;02/12/2012;18 dicembre 2012;
NA;2012;12;2;02/12/2012;18 dicembre 2012;
RM;2012;12;3;03/12/2012;21 dicembre 2012;263
AL;2012;12;3;03/12/2012;21 dicembre 2012;264,5
TV;2012;12;3;03/12/2012;21 dicembre 2012;273
TO;2012;12;3;03/12/2012;21 dicembre 2012;278,5
BO;2012;12;3;03/12/2012;21 dicembre 2012;278,5
MI;2012;12;3;03/12/2012;21 dicembre 2012;286,5
UD;2012;12;3;03/12/2012;21 dicembre 2012;
PD;2012;12;3;03/12/2012;21 dicembre 2012;
GR;2012;12;3;03/12/2012;21 dicembre 2012;
FI;2012;12;3;03/12/2012;21 dicembre 2012;
VR;2012;12;3;03/12/2012;21 dicembre 2012;
PG;2012;12;3;03/12/2012;21 dicembre 2012;
NA;2012;12;3;03/12/2012;21 dicembre 2012;
FI;2013;1;1;01/01/2013;07 gennaio 2013;232
TO;2013;1;1;01/01/2013;07 gennaio 2013;275,5
PD;2013;1;1;01/01/2013;07 gennaio 2013;275,5
BO;2013;1;1;01/01/2013;07 gennaio 2013;276,5
GR;2013;1;1;01/01/2013;07 gennaio 2013;277,66
VR;2013;1;1;01/01/2013;07 gennaio 2013;
UD;2013;1;1;01/01/2013;07 gennaio 2013;
TV;2013;1;1;01/01/2013;07 gennaio 2013;
RM;2013;1;1;01/01/2013;07 gennaio 2013;
PG;2013;1;1;01/01/2013;07 gennaio 2013;
NA;2013;1;1;01/01/2013;07 gennaio 2013;
MI;2013;1;1;01/01/2013;07 gennaio 2013;
AL;2013;1;1;01/01/2013;07 gennaio 2013;
FI;2013;1;2;02/01/2013;15 gennaio 2013;230
AL;2013;1;2;02/01/2013;15 gennaio 2013;259,5
RM;2013;1;2;02/01/2013;15 gennaio 2013;260
TV;2013;1;2;02/01/2013;15 gennaio 2013;267,5
TO;2013;1;2;02/01/2013;15 gennaio 2013;269,5
PD;2013;1;2;02/01/2013;15 gennaio 2013;271
UD;2013;1;2;02/01/2013;15 gennaio 2013;272
BO;2013;1;2;02/01/2013;15 gennaio 2013;272,5
MI;2013;1;2;02/01/2013;15 gennaio 2013;283,5
GR;2013;1;2;02/01/2013;15 gennaio 2013;
VR;2013;1;2;02/01/2013;15 gennaio 2013;
PG;2013;1;2;02/01/2013;15 gennaio 2013;
NA;2013;1;2;02/01/2013;15 gennaio 2013;
FI;2013;1;3;03/01/2013;21 gennaio 2013;229
AL;2013;1;3;03/01/2013;21 gennaio 2013;255,5
RM;2013;1;3;03/01/2013;21 gennaio 2013;258
TV;2013;1;3;03/01/2013;21 gennaio 2013;267,5
UD;2013;1;3;03/01/2013;21 gennaio 2013;271
PD;2013;1;3;03/01/2013;21 gennaio 2013;271
BO;2013;1;3;03/01/2013;21 gennaio 2013;271,5
GR;2013;1;3;03/01/2013;21 gennaio 2013;272,66
TO;2013;1;3;03/01/2013;21 gennaio 2013;273,5
MI;2013;1;3;03/01/2013;21 gennaio 2013;281,5
VR;2013;1;3;03/01/2013;21 gennaio 2013;
PG;2013;1;3;03/01/2013;21 gennaio 2013;
NA;2013;1;3;03/01/2013;21 gennaio 2013;
FI;2013;1;4;04/01/2013;29 gennaio 2013;227
AL;2013;1;4;04/01/2013;29 gennaio 2013;255,5
TV;2013;1;4;04/01/2013;29 gennaio 2013;266
UD;2013;1;4;04/01/2013;29 gennaio 2013;267
PD;2013;1;4;04/01/2013;29 gennaio 2013;268
BO;2013;1;4;04/01/2013;29 gennaio 2013;269,5
GR;2013;1;4;04/01/2013;29 gennaio 2013;272,66
TO;2013;1;4;04/01/2013;29 gennaio 2013;273,5
MI;2013;1;4;04/01/2013;29 gennaio 2013;281,5
RM;2013;1;4;04/01/2013;29 gennaio 2013;
VR;2013;1;4;04/01/2013;29 gennaio 2013;
PG;2013;1;4;04/01/2013;29 gennaio 2013;
NA;2013;1;4;04/01/2013;29 gennaio 2013;
FI;2013;1;5;05/01/2013;04 febbraio 2013;223
AL;2013;1;5;05/01/2013;04 febbraio 2013;255,5
RM;2013;1;5;05/01/2013;04 febbraio 2013;256
UD;2013;1;5;05/01/2013;04 febbraio 2013;263
TV;2013;1;5;05/01/2013;04 febbraio 2013;264
PD;2013;1;5;05/01/2013;04 febbraio 2013;264
BO;2013;1;5;05/01/2013;04 febbraio 2013;264,5
TO;2013;1;5;05/01/2013;04 febbraio 2013;268,5
GR;2013;1;5;05/01/2013;04 febbraio 2013;270,66
MI;2013;1;5;05/01/2013;04 febbraio 2013;280,5
PG;2013;1;5;05/01/2013;04 febbraio 2013;
NA;2013;1;5;05/01/2013;04 febbraio 2013;
VR;2013;1;5;05/01/2013;04 febbraio 2013;
FI;2013;2;1;01/02/2013;26 febbraio 2013;221
AL;2013;2;1;01/02/2013;26 febbraio 2013;252,5
RM;2013;2;1;01/02/2013;26 febbraio 2013;253
UD;2013;2;1;01/02/2013;26 febbraio 2013;259
TV;2013;2;1;01/02/2013;26 febbraio 2013;259
PD;2013;2;1;01/02/2013;26 febbraio 2013;259
BO;2013;2;1;01/02/2013;26 febbraio 2013;261,5
TO;2013;2;1;01/02/2013;26 febbraio 2013;263,5
GR;2013;2;1;01/02/2013;26 febbraio 2013;267,66
MI;2013;2;1;01/02/2013;26 febbraio 2013;275,5
VR;2013;2;1;01/02/2013;26 febbraio 2013;
PG;2013;2;1;01/02/2013;26 febbraio 2013;
NA;2013;2;1;01/02/2013;26 febbraio 2013;
FI;2013;2;2;02/02/2013;19 febbraio 2013;217
AL;2013;2;2;02/02/2013;19 febbraio 2013;248,5
PD;2013;2;2;02/02/2013;19 febbraio 2013;252,5
TV;2013;2;2;02/02/2013;19 febbraio 2013;253,5
UD;2013;2;2;02/02/2013;19 febbraio 2013;255
BO;2013;2;2;02/02/2013;19 febbraio 2013;257,5
TO;2013;2;2;02/02/2013;19 febbraio 2013;260,5
GR;2013;2;2;02/02/2013;19 febbraio 2013;264,16
MI;2013;2;2;02/02/2013;19 febbraio 2013;270,5
RM;2013;2;2;02/02/2013;19 febbraio 2013;
VR;2013;2;2;02/02/2013;19 febbraio 2013;
PG;2013;2;2;02/02/2013;19 febbraio 2013;
NA;2013;2;2;02/02/2013;19 febbraio 2013;
FI;2013;2;3;03/02/2013;26 febbraio 2013;215
AL;2013;2;3;03/02/2013;26 febbraio 2013;243,5
TV;2013;2;3;03/02/2013;26 febbraio 2013;250,5
PD;2013;2;3;03/02/2013;26 febbraio 2013;250,5
UD;2013;2;3;03/02/2013;26 febbraio 2013;251
BO;2013;2;3;03/02/2013;26 febbraio 2013;254,5
GR;2013;2;3;03/02/2013;26 febbraio 2013;259,16
TO;2013;2;3;03/02/2013;26 febbraio 2013;260,5
MI;2013;2;3;03/02/2013;26 febbraio 2013;266,5
RM;2013;2;3;03/02/2013;26 febbraio 2013;
VR;2013;2;3;03/02/2013;26 febbraio 2013;
PG;2013;2;3;03/02/2013;26 febbraio 2013;
NA;2013;2;3;03/02/2013;26 febbraio 2013;
FI;2013;2;4;04/02/2013;05 marzo 2013;213
AL;2013;2;4;04/02/2013;05 marzo 2013;240,5
RM;2013;2;4;04/02/2013;05 marzo 2013;244
UD;2013;2;4;04/02/2013;05 marzo 2013;248
TV;2013;2;4;04/02/2013;05 marzo 2013;249
PD;2013;2;4;04/02/2013;05 marzo 2013;250,5
BO;2013;2;4;04/02/2013;05 marzo 2013;252,5
TO;2013;2;4;04/02/2013;05 marzo 2013;258,5
MI;2013;2;4;04/02/2013;05 marzo 2013;262,5
GR;2013;2;4;04/02/2013;05 marzo 2013;
VR;2013;2;4;04/02/2013;05 marzo 2013;
PG;2013;2;4;04/02/2013;05 marzo 2013;
NA;2013;2;4;04/02/2013;05 marzo 2013;
FI;2013;3;1;01/03/2013;12 marzo 2013;211
AL;2013;3;1;01/03/2013;12 marzo 2013;237,5
UD;2013;3;1;01/03/2013;12 marzo 2013;244
TV;2013;3;1;01/03/2013;12 marzo 2013;248
PD;2013;3;1;01/03/2013;12 marzo 2013;249,5
BO;2013;3;1;01/03/2013;12 marzo 2013;250,5
TO;2013;3;1;01/03/2013;12 marzo 2013;256,5
MI;2013;3;1;01/03/2013;12 marzo 2013;260,5
RM;2013;3;1;01/03/2013;12 marzo 2013;
NA;2013;3;1;01/03/2013;12 marzo 2013;
GR;2013;3;1;01/03/2013;12 marzo 2013;
VR;2013;3;1;01/03/2013;12 marzo 2013;
PG;2013;3;1;01/03/2013;12 marzo 2013;
FI;2013;3;2;02/03/2013;19 marzo 2013;201
AL;2013;3;2;02/03/2013;19 marzo 2013;235,5
RM;2013;3;2;02/03/2013;19 marzo 2013;241
UD;2013;3;2;02/03/2013;19 marzo 2013;242
TV;2013;3;2;02/03/2013;19 marzo 2013;245
PD;2013;3;2;02/03/2013;19 marzo 2013;249,5
BO;2013;3;2;02/03/2013;19 marzo 2013;249,5
GR;2013;3;2;02/03/2013;19 marzo 2013;254,16
TO;2013;3;2;02/03/2013;19 marzo 2013;254,5
MI;2013;3;2;02/03/2013;19 marzo 2013;258,5
NA;2013;3;2;02/03/2013;19 marzo 2013;
VR;2013;3;2;02/03/2013;19 marzo 2013;
PG;2013;3;2;02/03/2013;19 marzo 2013;
FI;2013;3;3;03/03/2013;26 marzo 2013;212
AL;2013;3;3;03/03/2013;26 marzo 2013;233,5
RM;2013;3;3;03/03/2013;26 marzo 2013;241
TV;2013;3;3;03/03/2013;26 marzo 2013;245
UD;2013;3;3;03/03/2013;26 marzo 2013;246
BO;2013;3;3;03/03/2013;26 marzo 2013;251,5
PD;2013;3;3;03/03/2013;26 marzo 2013;252,5
GR;2013;3;3;03/03/2013;26 marzo 2013;257,16
TO;2013;3;3;03/03/2013;26 marzo 2013;258,5
MI;2013;3;3;03/03/2013;26 marzo 2013;258,5
NA;2013;3;3;03/03/2013;26 marzo 2013;
VR;2013;3;3;03/03/2013;26 marzo 2013;
PG;2013;3;3;03/03/2013;26 marzo 2013;
AL;2013;3;4;04/03/2013;29 marzo 2013;235,5
RM;2013;3;4;04/03/2013;29 marzo 2013;245
TV;2013;3;4;04/03/2013;29 marzo 2013;248
BO;2013;3;4;04/03/2013;29 marzo 2013;256,5
GR;2013;3;4;04/03/2013;29 marzo 2013;259,16
MI;2013;3;4;04/03/2013;29 marzo 2013;262,5
TO;2013;3;4;04/03/2013;29 marzo 2013;263,5
UD;2013;3;4;04/03/2013;29 marzo 2013;
PD;2013;3;4;04/03/2013;29 marzo 2013;
NA;2013;3;4;04/03/2013;29 marzo 2013;
FI;2013;3;4;04/03/2013;29 marzo 2013;
VR;2013;3;4;04/03/2013;29 marzo 2013;
PG;2013;3;4;04/03/2013;29 marzo 2013;
FI;2013;4;1;01/04/2013;09 aprile 2013;217
RM;2013;4;1;01/04/2013;09 aprile 2013;245
TV;2013;4;1;01/04/2013;09 aprile 2013;248
UD;2013;4;1;01/04/2013;09 aprile 2013;251
BO;2013;4;1;01/04/2013;09 aprile 2013;256,5
PD;2013;4;1;01/04/2013;09 aprile 2013;257,5
GR;2013;4;1;01/04/2013;09 aprile 2013;259,16
MI;2013;4;1;01/04/2013;09 aprile 2013;262,5
TO;2013;4;1;01/04/2013;09 aprile 2013;263,5
VR;2013;4;1;01/04/2013;09 aprile 2013;
NA;2013;4;1;01/04/2013;09 aprile 2013;
AL;2013;4;1;01/04/2013;09 aprile 2013;
PG;2013;4;1;01/04/2013;09 aprile 2013;
FI;2013;4;2;02/04/2013;16 aprile 2013;220
AL;2013;4;2;02/04/2013;16 aprile 2013;239,5
RM;2013;4;2;02/04/2013;16 aprile 2013;248
TV;2013;4;2;02/04/2013;16 aprile 2013;251
UD;2013;4;2;02/04/2013;16 aprile 2013;253
GR;2013;4;2;02/04/2013;16 aprile 2013;259,16
BO;2013;4;2;02/04/2013;16 aprile 2013;259,5
PD;2013;4;2;02/04/2013;16 aprile 2013;260,5
TO;2013;4;2;02/04/2013;16 aprile 2013;263,5
MI;2013;4;2;02/04/2013;16 aprile 2013;266,5
NA;2013;4;2;02/04/2013;16 aprile 2013;
VR;2013;4;2;02/04/2013;16 aprile 2013;
PG;2013;4;2;02/04/2013;16 aprile 2013;
FI;2013;4;3;03/04/2013;23 aprile 2013;223
AL;2013;4;3;03/04/2013;23 aprile 2013;243
RM;2013;4;3;03/04/2013;23 aprile 2013;250
UD;2013;4;3;03/04/2013;23 aprile 2013;256
TV;2013;4;3;03/04/2013;23 aprile 2013;256
GR;2013;4;3;03/04/2013;23 aprile 2013;259,16
BO;2013;4;3;03/04/2013;23 aprile 2013;262,5
PD;2013;4;3;03/04/2013;23 aprile 2013;263,5
TO;2013;4;3;03/04/2013;23 aprile 2013;266,5
MI;2013;4;3;03/04/2013;23 aprile 2013;269,5
NA;2013;4;3;03/04/2013;23 aprile 2013;
VR;2013;4;3;03/04/2013;23 aprile 2013;
PG;2013;4;3;03/04/2013;23 aprile 2013;
FI;2013;4;4;04/04/2013;30 aprile 2013;223
AL;2013;4;4;04/04/2013;30 aprile 2013;245
RM;2013;4;4;04/04/2013;30 aprile 2013;250
UD;2013;4;4;04/04/2013;30 aprile 2013;256
TV;2013;4;4;04/04/2013;30 aprile 2013;256
BO;2013;4;4;04/04/2013;30 aprile 2013;262,5
MI;2013;4;4;04/04/2013;30 aprile 2013;269,5
TO;2013;4;4;04/04/2013;30 aprile 2013;
NA;2013;4;4;04/04/2013;30 aprile 2013;
GR;2013;4;4;04/04/2013;30 aprile 2013;
VR;2013;4;4;04/04/2013;30 aprile 2013;
PG;2013;4;4;04/04/2013;30 aprile 2013;
PD;2013;4;4;04/04/2013;30 aprile 2013;
FI;2013;5;1;01/05/2013;07 maggio 2013;223
AL;2013;5;1;01/05/2013;07 maggio 2013;245
UD;2013;5;1;01/05/2013;07 maggio 2013;256
BO;2013;5;1;01/05/2013;07 maggio 2013;262,5
PD;2013;5;1;01/05/2013;07 maggio 2013;263,5
TO;2013;5;1;01/05/2013;07 maggio 2013;266,5
MI;2013;5;1;01/05/2013;07 maggio 2013;269,5
TV;2013;5;1;01/05/2013;07 maggio 2013;
RM;2013;5;1;01/05/2013;07 maggio 2013;
GR;2013;5;1;01/05/2013;07 maggio 2013;
VR;2013;5;1;01/05/2013;07 maggio 2013;
PG;2013;5;1;01/05/2013;07 maggio 2013;
NA;2013;5;1;01/05/2013;07 maggio 2013;
FI;2013;5;2;02/05/2013;14 maggio 2013;223
AL;2013;5;2;02/05/2013;14 maggio 2013;245
RM;2013;5;2;02/05/2013;14 maggio 2013;250
UD;2013;5;2;02/05/2013;14 maggio 2013;256
TV;2013;5;2;02/05/2013;14 maggio 2013;256
TO;2013;5;2;02/05/2013;14 maggio 2013;256,5
PD;2013;5;2;02/05/2013;14 maggio 2013;260,5
BO;2013;5;2;02/05/2013;14 maggio 2013;262,5
GR;2013;5;2;02/05/2013;14 maggio 2013;262,66
MI;2013;5;2;02/05/2013;14 maggio 2013;269,5
VR;2013;5;2;02/05/2013;14 maggio 2013;
PG;2013;5;2;02/05/2013;14 maggio 2013;
NA;2013;5;2;02/05/2013;14 maggio 2013;
FI;2013;5;3;03/05/2013;21 maggio 2013;218
AL;2013;5;3;03/05/2013;21 maggio 2013;241
RM;2013;5;3;03/05/2013;21 maggio 2013;248
UD;2013;5;3;03/05/2013;21 maggio 2013;250
TV;2013;5;3;03/05/2013;21 maggio 2013;251
PD;2013;5;3;03/05/2013;21 maggio 2013;257,5
BO;2013;5;3;03/05/2013;21 maggio 2013;257,5
GR;2013;5;3;03/05/2013;21 maggio 2013;257,66
TO;2013;5;3;03/05/2013;21 maggio 2013;258,5
MI;2013;5;3;03/05/2013;21 maggio 2013;266,5
VR;2013;5;3;03/05/2013;21 maggio 2013;
PG;2013;5;3;03/05/2013;21 maggio 2013;
NA;2013;5;3;03/05/2013;21 maggio 2013;
FI;2013;5;4;04/05/2013;28 maggio 2013;216
AL;2013;5;4;04/05/2013;28 maggio 2013;240
RM;2013;5;4;04/05/2013;28 maggio 2013;246
UD;2013;5;4;04/05/2013;28 maggio 2013;248
TV;2013;5;4;04/05/2013;28 maggio 2013;248,5
PD;2013;5;4;04/05/2013;28 maggio 2013;255,5
BO;2013;5;4;04/05/2013;28 maggio 2013;255,5
GR;2013;5;4;04/05/2013;28 maggio 2013;257,66
TO;2013;5;4;04/05/2013;28 maggio 2013;258,5
MI;2013;5;4;04/05/2013;28 maggio 2013;264,5
VR;2013;5;4;04/05/2013;28 maggio 2013;
PG;2013;5;4;04/05/2013;28 maggio 2013;
NA;2013;5;4;04/05/2013;28 maggio 2013;
FI;2013;5;5;05/05/2013;03 giugno 2013;214
AL;2013;5;5;05/05/2013;03 giugno 2013;240
RM;2013;5;5;05/05/2013;03 giugno 2013;244
UD;2013;5;5;05/05/2013;03 giugno 2013;245
TV;2013;5;5;05/05/2013;03 giugno 2013;246
BO;2013;5;5;05/05/2013;03 giugno 2013;253,5
PD;2013;5;5;05/05/2013;03 giugno 2013;256,5
GR;2013;5;5;05/05/2013;03 giugno 2013;257,66
TO;2013;5;5;05/05/2013;03 giugno 2013;258,5
MI;2013;5;5;05/05/2013;03 giugno 2013;262,5
VR;2013;5;5;05/05/2013;03 giugno 2013;
PG;2013;5;5;05/05/2013;03 giugno 2013;
NA;2013;5;5;05/05/2013;03 giugno 2013;
AL;2013;6;1;01/06/2013;11 giugno 2013;238
RM;2013;6;1;01/06/2013;11 giugno 2013;244
TV;2013;6;1;01/06/2013;11 giugno 2013;246
BO;2013;6;1;01/06/2013;11 giugno 2013;256,5
GR;2013;6;1;01/06/2013;11 giugno 2013;257,66
TO;2013;6;1;01/06/2013;11 giugno 2013;258,5
MI;2013;6;1;01/06/2013;11 giugno 2013;262,5
UD;2013;6;1;01/06/2013;11 giugno 2013;
PD;2013;6;1;01/06/2013;11 giugno 2013;
FI;2013;6;1;01/06/2013;11 giugno 2013;
VR;2013;6;1;01/06/2013;11 giugno 2013;
PG;2013;6;1;01/06/2013;11 giugno 2013;
NA;2013;6;1;01/06/2013;11 giugno 2013;
TO;2013;6;2;02/06/2013;17 giugno 2013;258,5
MI;2013;6;2;02/06/2013;17 giugno 2013;262,5
VR;2013;6;2;02/06/2013;17 giugno 2013;
UD;2013;6;2;02/06/2013;17 giugno 2013;
TV;2013;6;2;02/06/2013;17 giugno 2013;
RM;2013;6;2;02/06/2013;17 giugno 2013;
PG;2013;6;2;02/06/2013;17 giugno 2013;
PD;2013;6;2;02/06/2013;17 giugno 2013;
NA;2013;6;2;02/06/2013;17 giugno 2013;
GR;2013;6;2;02/06/2013;17 giugno 2013;
FI;2013;6;2;02/06/2013;17 giugno 2013;
BO;2013;6;2;02/06/2013;17 giugno 2013;
AL;2013;6;2;02/06/2013;17 giugno 2013;
NA;2013;6;3;03/06/2013;25 giugno 2013;252,5
MI;2013;6;3;03/06/2013;25 giugno 2013;262,5
VR;2013;6;3;03/06/2013;25 giugno 2013;
UD;2013;6;3;03/06/2013;25 giugno 2013;
TV;2013;6;3;03/06/2013;25 giugno 2013;
TO;2013;6;3;03/06/2013;25 giugno 2013;
RM;2013;6;3;03/06/2013;25 giugno 2013;
PG;2013;6;3;03/06/2013;25 giugno 2013;
PD;2013;6;3;03/06/2013;25 giugno 2013;
GR;2013;6;3;03/06/2013;25 giugno 2013;
FI;2013;6;3;03/06/2013;25 giugno 2013;
BO;2013;6;3;03/06/2013;25 giugno 2013;
AL;2013;6;3;03/06/2013;25 giugno 2013;
NA;2013;6;4;04/06/2013;02 luglio 2013;247,5
VR;2013;6;4;04/06/2013;02 luglio 2013;
UD;2013;6;4;04/06/2013;02 luglio 2013;
TV;2013;6;4;04/06/2013;02 luglio 2013;
TO;2013;6;4;04/06/2013;02 luglio 2013;
RM;2013;6;4;04/06/2013;02 luglio 2013;
PG;2013;6;4;04/06/2013;02 luglio 2013;
PD;2013;6;4;04/06/2013;02 luglio 2013;
MI;2013;6;4;04/06/2013;02 luglio 2013;
GR;2013;6;4;04/06/2013;02 luglio 2013;
FI;2013;6;4;04/06/2013;02 luglio 2013;
BO;2013;6;4;04/06/2013;02 luglio 2013;
AL;2013;6;4;04/06/2013;02 luglio 2013;
UD;2013;7;1;01/07/2013;08 luglio 2013;182,5
TV;2013;7;1;01/07/2013;08 luglio 2013;187,5
PD;2013;7;1;01/07/2013;08 luglio 2013;192,5
VR;2013;7;1;01/07/2013;08 luglio 2013;206,5
BO;2013;7;1;01/07/2013;08 luglio 2013;211,5
NA;2013;7;1;01/07/2013;08 luglio 2013;244
TO;2013;7;1;01/07/2013;08 luglio 2013;
RM;2013;7;1;01/07/2013;08 luglio 2013;
PG;2013;7;1;01/07/2013;08 luglio 2013;
MI;2013;7;1;01/07/2013;08 luglio 2013;
GR;2013;7;1;01/07/2013;08 luglio 2013;
FI;2013;7;1;01/07/2013;08 luglio 2013;
AL;2013;7;1;01/07/2013;08 luglio 2013;
FI;2013;7;2;02/07/2013;16 luglio 2013;172,5
TV;2013;7;2;02/07/2013;16 luglio 2013;187,5
PG;2013;7;2;02/07/2013;16 luglio 2013;189,6
PD;2013;7;2;02/07/2013;16 luglio 2013;195,5
VR;2013;7;2;02/07/2013;16 luglio 2013;196,5
TO;2013;7;2;02/07/2013;16 luglio 2013;207
BO;2013;7;2;02/07/2013;16 luglio 2013;208,5
MI;2013;7;2;02/07/2013;16 luglio 2013;210,5
RM;2013;7;2;02/07/2013;16 luglio 2013;212,5
NA;2013;7;2;02/07/2013;16 luglio 2013;241,5
UD;2013;7;2;02/07/2013;16 luglio 2013;
GR;2013;7;2;02/07/2013;16 luglio 2013;
AL;2013;7;2;02/07/2013;16 luglio 2013;
FI;2013;7;3;03/07/2013;23 luglio 2013;171,5
UD;2013;7;3;03/07/2013;23 luglio 2013;182,5
TV;2013;7;3;03/07/2013;23 luglio 2013;185,5
PG;2013;7;3;03/07/2013;23 luglio 2013;187,6
AL;2013;7;3;03/07/2013;23 luglio 2013;190,5
VR;2013;7;3;03/07/2013;23 luglio 2013;192,5
PD;2013;7;3;03/07/2013;23 luglio 2013;192,5
TO;2013;7;3;03/07/2013;23 luglio 2013;204
BO;2013;7;3;03/07/2013;23 luglio 2013;206,5
MI;2013;7;3;03/07/2013;23 luglio 2013;209,5
GR;2013;7;3;03/07/2013;23 luglio 2013;210,16
RM;2013;7;3;03/07/2013;23 luglio 2013;212,5
NA;2013;7;3;03/07/2013;23 luglio 2013;236,5
FI;2013;7;4;04/07/2013;29 luglio 2013;169,5
UD;2013;7;4;04/07/2013;29 luglio 2013;180,5
TV;2013;7;4;04/07/2013;29 luglio 2013;181
PG;2013;7;4;04/07/2013;29 luglio 2013;185,6
AL;2013;7;4;04/07/2013;29 luglio 2013;187,5
VR;2013;7;4;04/07/2013;29 luglio 2013;190,5
PD;2013;7;4;04/07/2013;29 luglio 2013;192,5
TO;2013;7;4;04/07/2013;29 luglio 2013;202
BO;2013;7;4;04/07/2013;29 luglio 2013;202,5
GR;2013;7;4;04/07/2013;29 luglio 2013;204,16
MI;2013;7;4;04/07/2013;29 luglio 2013;206,5
RM;2013;7;4;04/07/2013;29 luglio 2013;210,5
NA;2013;7;4;04/07/2013;29 luglio 2013;220
FI;2013;8;1;01/08/2013;06 agosto 2013;169,5
UD;2013;8;1;01/08/2013;06 agosto 2013;180,5
TV;2013;8;1;01/08/2013;06 agosto 2013;181
PG;2013;8;1;01/08/2013;06 agosto 2013;181,6
AL;2013;8;1;01/08/2013;06 agosto 2013;184,5
VR;2013;8;1;01/08/2013;06 agosto 2013;188,5
PD;2013;8;1;01/08/2013;06 agosto 2013;192,5
TO;2013;8;1;01/08/2013;06 agosto 2013;201
BO;2013;8;1;01/08/2013;06 agosto 2013;202,5
MI;2013;8;1;01/08/2013;06 agosto 2013;206,5
RM;2013;8;1;01/08/2013;06 agosto 2013;208,5
NA;2013;8;1;01/08/2013;06 agosto 2013;227,5
GR;2013;8;1;01/08/2013;06 agosto 2013;
UD;2013;8;4;04/08/2013;27 agosto 2013;174
TV;2013;8;4;04/08/2013;27 agosto 2013;181
PG;2013;8;4;04/08/2013;27 agosto 2013;181,6
VR;2013;8;4;04/08/2013;27 agosto 2013;191
PD;2013;8;4;04/08/2013;27 agosto 2013;192,5
BO;2013;8;4;04/08/2013;27 agosto 2013;201,5
TO;2013;8;4;04/08/2013;27 agosto 2013;
RM;2013;8;4;04/08/2013;27 agosto 2013;
NA;2013;8;4;04/08/2013;27 agosto 2013;
MI;2013;8;4;04/08/2013;27 agosto 2013;
GR;2013;8;4;04/08/2013;27 agosto 2013;
FI;2013;8;4;04/08/2013;27 agosto 2013;
AL;2013;8;4;04/08/2013;27 agosto 2013;
FI;2013;8;5;05/08/2013;02 settembre 2013;169,5
PG;2013;8;5;05/08/2013;02 settembre 2013;179,6
TV;2013;8;5;05/08/2013;02 settembre 2013;183
AL;2013;8;5;05/08/2013;02 settembre 2013;183,5
UD;2013;8;5;05/08/2013;02 settembre 2013;185,5
VR;2013;8;5;05/08/2013;02 settembre 2013;191
PD;2013;8;5;05/08/2013;02 settembre 2013;195,5
BO;2013;8;5;05/08/2013;02 settembre 2013;201,5
GR;2013;8;5;05/08/2013;02 settembre 2013;202,66
TO;2013;8;5;05/08/2013;02 settembre 2013;203
MI;2013;8;5;05/08/2013;02 settembre 2013;206,5
RM;2013;8;5;05/08/2013;02 settembre 2013;208,5
NA;2013;8;5;05/08/2013;02 settembre 2013;222,5
FI;2013;9;1;01/09/2013;10 settembre 2013;169,5
PG;2013;9;1;01/09/2013;10 settembre 2013;179,6
TV;2013;9;1;01/09/2013;10 settembre 2013;183
AL;2013;9;1;01/09/2013;10 settembre 2013;183,5
UD;2013;9;1;01/09/2013;10 settembre 2013;187,5
VR;2013;9;1;01/09/2013;10 settembre 2013;191
PD;2013;9;1;01/09/2013;10 settembre 2013;195,5
BO;2013;9;1;01/09/2013;10 settembre 2013;201,5
GR;2013;9;1;01/09/2013;10 settembre 2013;202,66
TO;2013;9;1;01/09/2013;10 settembre 2013;203
MI;2013;9;1;01/09/2013;10 settembre 2013;206,5
RM;2013;9;1;01/09/2013;10 settembre 2013;208,5
NA;2013;9;1;01/09/2013;10 settembre 2013;222,5
FI;2013;9;2;02/09/2013;17 settembre 2013;169,5
PG;2013;9;2;02/09/2013;17 settembre 2013;179,6
TV;2013;9;2;02/09/2013;17 settembre 2013;183
AL;2013;9;2;02/09/2013;17 settembre 2013;183,5
UD;2013;9;2;02/09/2013;17 settembre 2013;187,5
VR;2013;9;2;02/09/2013;17 settembre 2013;191
PD;2013;9;2;02/09/2013;17 settembre 2013;195,5
BO;2013;9;2;02/09/2013;17 settembre 2013;201,5
TO;2013;9;2;02/09/2013;17 settembre 2013;202
GR;2013;9;2;02/09/2013;17 settembre 2013;202,66
MI;2013;9;2;02/09/2013;17 settembre 2013;206,5
RM;2013;9;2;02/09/2013;17 settembre 2013;208,5
NA;2013;9;2;02/09/2013;17 settembre 2013;222,5
FI;2013;9;3;03/09/2013;23 settembre 2013;168,5
PG;2013;9;3;03/09/2013;23 settembre 2013;179,6
TV;2013;9;3;03/09/2013;23 settembre 2013;183
AL;2013;9;3;03/09/2013;23 settembre 2013;183,5
UD;2013;9;3;03/09/2013;23 settembre 2013;185,5
VR;2013;9;3;03/09/2013;23 settembre 2013;190
PD;2013;9;3;03/09/2013;23 settembre 2013;195,5
TO;2013;9;3;03/09/2013;23 settembre 2013;200
BO;2013;9;3;03/09/2013;23 settembre 2013;201
GR;2013;9;3;03/09/2013;23 settembre 2013;202,66
MI;2013;9;3;03/09/2013;23 settembre 2013;205,5
RM;2013;9;3;03/09/2013;23 settembre 2013;208,5
NA;2013;9;3;03/09/2013;23 settembre 2013;222,5
FI;2013;9;4;04/09/2013;30 settembre 2013;166,5
PG;2013;9;4;04/09/2013;30 settembre 2013;177,6
AL;2013;9;4;04/09/2013;30 settembre 2013;181,5
UD;2013;9;4;04/09/2013;30 settembre 2013;182,5
TV;2013;9;4;04/09/2013;30 settembre 2013;183
VR;2013;9;4;04/09/2013;30 settembre 2013;190
PD;2013;9;4;04/09/2013;30 settembre 2013;193
BO;2013;9;4;04/09/2013;30 settembre 2013;197,5
TO;2013;9;4;04/09/2013;30 settembre 2013;200
GR;2013;9;4;04/09/2013;30 settembre 2013;202,66
MI;2013;9;4;04/09/2013;30 settembre 2013;203,5
RM;2013;9;4;04/09/2013;30 settembre 2013;206,5
NA;2013;9;4;04/09/2013;30 settembre 2013;222,5
PG;2013;10;1;01/10/2013;08 ottobre 2013;175,6
AL;2013;10;1;01/10/2013;08 ottobre 2013;180,5
UD;2013;10;1;01/10/2013;08 ottobre 2013;182,5
TV;2013;10;1;01/10/2013;08 ottobre 2013;183
VR;2013;10;1;01/10/2013;08 ottobre 2013;190
GR;2013;10;1;01/10/2013;08 ottobre 2013;192,66
PD;2013;10;1;01/10/2013;08 ottobre 2013;193
BO;2013;10;1;01/10/2013;08 ottobre 2013;197,5
TO;2013;10;1;01/10/2013;08 ottobre 2013;200
MI;2013;10;1;01/10/2013;08 ottobre 2013;202,5
RM;2013;10;1;01/10/2013;08 ottobre 2013;206,5
NA;2013;10;1;01/10/2013;08 ottobre 2013;222,5
FI;2013;10;1;01/10/2013;08 ottobre 2013;232
FI;2013;10;2;02/10/2013;15 ottobre 2013;166,5
PG;2013;10;2;02/10/2013;15 ottobre 2013;175,6
AL;2013;10;2;02/10/2013;15 ottobre 2013;180,5
TV;2013;10;2;02/10/2013;15 ottobre 2013;183
UD;2013;10;2;02/10/2013;15 ottobre 2013;184,5
VR;2013;10;2;02/10/2013;15 ottobre 2013;190
GR;2013;10;2;02/10/2013;15 ottobre 2013;192,66
PD;2013;10;2;02/10/2013;15 ottobre 2013;195
BO;2013;10;2;02/10/2013;15 ottobre 2013;197,5
MI;2013;10;2;02/10/2013;15 ottobre 2013;202,5
TO;2013;10;2;02/10/2013;15 ottobre 2013;205
RM;2013;10;2;02/10/2013;15 ottobre 2013;206,5
NA;2013;10;2;02/10/2013;15 ottobre 2013;222,5
FI;2013;10;3;03/10/2013;21 ottobre 2013;171,5
PG;2013;10;3;03/10/2013;21 ottobre 2013;175,6
AL;2013;10;3;03/10/2013;21 ottobre 2013;182,5
VR;2013;10;3;03/10/2013;21 ottobre 2013;192
UD;2013;10;3;03/10/2013;21 ottobre 2013;192,5
GR;2013;10;3;03/10/2013;21 ottobre 2013;192,66
TV;2013;10;3;03/10/2013;21 ottobre 2013;193
PD;2013;10;3;03/10/2013;21 ottobre 2013;200
BO;2013;10;3;03/10/2013;21 ottobre 2013;202,5
MI;2013;10;3;03/10/2013;21 ottobre 2013;205,5
TO;2013;10;3;03/10/2013;21 ottobre 2013;208
RM;2013;10;3;03/10/2013;21 ottobre 2013;208,5
NA;2013;10;3;03/10/2013;21 ottobre 2013;227,5
FI;2013;10;4;04/10/2013;28 ottobre 2013;175,5
PG;2013;10;4;04/10/2013;28 ottobre 2013;180,6
AL;2013;10;4;04/10/2013;28 ottobre 2013;185,5
GR;2013;10;4;04/10/2013;28 ottobre 2013;192,66
VR;2013;10;4;04/10/2013;28 ottobre 2013;195
TV;2013;10;4;04/10/2013;28 ottobre 2013;197
UD;2013;10;4;04/10/2013;28 ottobre 2013;197,5
PD;2013;10;4;04/10/2013;28 ottobre 2013;205
BO;2013;10;4;04/10/2013;28 ottobre 2013;206,5
RM;2013;10;4;04/10/2013;28 ottobre 2013;210,5
MI;2013;10;4;04/10/2013;28 ottobre 2013;211,5
TO;2013;10;4;04/10/2013;28 ottobre 2013;216
NA;2013;10;4;04/10/2013;28 ottobre 2013;232,5
FI;2013;10;5;05/10/2013;05 novembre 2013;177,5
PG;2013;10;5;05/10/2013;05 novembre 2013;183,6
AL;2013;10;5;05/10/2013;05 novembre 2013;190,5
TV;2013;10;5;05/10/2013;05 novembre 2013;199
VR;2013;10;5;05/10/2013;05 novembre 2013;200
BO;2013;10;5;05/10/2013;05 novembre 2013;208,5
RM;2013;10;5;05/10/2013;05 novembre 2013;212,5
TO;2013;10;5;05/10/2013;05 novembre 2013;214
MI;2013;10;5;05/10/2013;05 novembre 2013;214,5
UD;2013;10;5;05/10/2013;05 novembre 2013;
PD;2013;10;5;05/10/2013;05 novembre 2013;
NA;2013;10;5;05/10/2013;05 novembre 2013;
GR;2013;10;5;05/10/2013;05 novembre 2013;
FI;2013;11;1;01/11/2013;12 novembre 2013;177,5
PG;2013;11;1;01/11/2013;12 novembre 2013;185,6
AL;2013;11;1;01/11/2013;12 novembre 2013;190,5
UD;2013;11;1;01/11/2013;12 novembre 2013;194,5
GR;2013;11;1;01/11/2013;12 novembre 2013;197,66
TV;2013;11;1;01/11/2013;12 novembre 2013;199
VR;2013;11;1;01/11/2013;12 novembre 2013;201
PD;2013;11;1;01/11/2013;12 novembre 2013;208
BO;2013;11;1;01/11/2013;12 novembre 2013;208,5
RM;2013;11;1;01/11/2013;12 novembre 2013;212,5
TO;2013;11;1;01/11/2013;12 novembre 2013;214
MI;2013;11;1;01/11/2013;12 novembre 2013;214,5
NA;2013;11;1;01/11/2013;12 novembre 2013;
FI;2013;11;2;02/11/2013;18 novembre 2013;177,5
PG;2013;11;2;02/11/2013;18 novembre 2013;185,6
AL;2013;11;2;02/11/2013;18 novembre 2013;190,5
GR;2013;11;2;02/11/2013;18 novembre 2013;197,66
VR;2013;11;2;02/11/2013;18 novembre 2013;203
TV;2013;11;2;02/11/2013;18 novembre 2013;204
UD;2013;11;2;02/11/2013;18 novembre 2013;204,5
PD;2013;11;2;02/11/2013;18 novembre 2013;208
BO;2013;11;2;02/11/2013;18 novembre 2013;209,5
RM;2013;11;2;02/11/2013;18 novembre 2013;212,5
TO;2013;11;2;02/11/2013;18 novembre 2013;216
MI;2013;11;2;02/11/2013;18 novembre 2013;216,5
NA;2013;11;2;02/11/2013;18 novembre 2013;
FI;2013;11;3;03/11/2013;25 novembre 2013;177,5
PG;2013;11;3;03/11/2013;25 novembre 2013;186,6
AL;2013;11;3;03/11/2013;25 novembre 2013;192
GR;2013;11;3;03/11/2013;25 novembre 2013;197,66
UD;2013;11;3;03/11/2013;25 novembre 2013;204,5
VR;2013;11;3;03/11/2013;25 novembre 2013;205
TV;2013;11;3;03/11/2013;25 novembre 2013;206
PD;2013;11;3;03/11/2013;25 novembre 2013;208
BO;2013;11;3;03/11/2013;25 novembre 2013;209,5
RM;2013;11;3;03/11/2013;25 novembre 2013;212,5
MI;2013;11;3;03/11/2013;25 novembre 2013;218,5
TO;2013;11;3;03/11/2013;25 novembre 2013;219
NA;2013;11;3;03/11/2013;25 novembre 2013;
